:START_ID,:END_ID,relation,:TYPE
10001,20001,hasCLass,hasClass
10002,20002,hasCLass,hasClass
10002,20003,hasCLass,hasClass
10002,20004,hasCLass,hasClass
10002,20005,hasCLass,hasClass
10002,20006,hasCLass,hasClass
10002,20007,hasCLass,hasClass
10002,20008,hasCLass,hasClass
10002,20009,hasCLass,hasClass
10002,20010,hasCLass,hasClass
10002,20011,hasCLass,hasClass
10002,20012,hasCLass,hasClass
10002,20013,hasCLass,hasClass
10002,20014,hasCLass,hasClass
10002,20015,hasCLass,hasClass
10002,20016,hasCLass,hasClass
10002,20017,hasCLass,hasClass
10002,20018,hasCLass,hasClass
10002,20019,hasCLass,hasClass
10002,20020,hasCLass,hasClass
10002,20021,hasCLass,hasClass
10002,20022,hasCLass,hasClass
10002,20023,hasCLass,hasClass
10002,20024,hasCLass,hasClass
10002,20025,hasCLass,hasClass
10002,20026,hasCLass,hasClass
10002,20027,hasCLass,hasClass
10002,20028,hasCLass,hasClass
10002,20029,hasCLass,hasClass
10002,20030,hasCLass,hasClass
10002,20031,hasCLass,hasClass
10002,20032,hasCLass,hasClass
10002,20033,hasCLass,hasClass
10002,20034,hasCLass,hasClass
10002,20035,hasCLass,hasClass
10002,20036,hasCLass,hasClass
10002,20037,hasCLass,hasClass
10002,20038,hasCLass,hasClass
10002,20039,hasCLass,hasClass
10002,20040,hasCLass,hasClass
10002,20041,hasCLass,hasClass
10002,20042,hasCLass,hasClass
10002,20043,hasCLass,hasClass
10002,20044,hasCLass,hasClass
10002,20045,hasCLass,hasClass
10002,20046,hasCLass,hasClass
10002,20047,hasCLass,hasClass
10002,20048,hasCLass,hasClass
10002,20049,hasCLass,hasClass
10002,20050,hasCLass,hasClass
10002,20051,hasCLass,hasClass
10002,20052,hasCLass,hasClass
10002,20053,hasCLass,hasClass
10002,20054,hasCLass,hasClass
10002,20055,hasCLass,hasClass
10002,20056,hasCLass,hasClass
10002,20057,hasCLass,hasClass
10002,20058,hasCLass,hasClass
10002,20059,hasCLass,hasClass
10002,20060,hasCLass,hasClass
10002,20061,hasCLass,hasClass
10002,20062,hasCLass,hasClass
10002,20063,hasCLass,hasClass
10002,20064,hasCLass,hasClass
10002,20065,hasCLass,hasClass
10002,20066,hasCLass,hasClass
10002,20067,hasCLass,hasClass
10002,20068,hasCLass,hasClass
10002,20069,hasCLass,hasClass
10002,20070,hasCLass,hasClass
10002,20071,hasCLass,hasClass
10002,20072,hasCLass,hasClass
10002,20073,hasCLass,hasClass
10002,20074,hasCLass,hasClass
10002,20075,hasCLass,hasClass
10002,20076,hasCLass,hasClass
10002,20077,hasCLass,hasClass
10002,20078,hasCLass,hasClass
10002,20079,hasCLass,hasClass
10002,20080,hasCLass,hasClass
10002,20081,hasCLass,hasClass
10002,20082,hasCLass,hasClass
10002,20083,hasCLass,hasClass
10002,20084,hasCLass,hasClass
10002,20085,hasCLass,hasClass
10002,20086,hasCLass,hasClass
10002,20087,hasCLass,hasClass
10002,20088,hasCLass,hasClass
10002,20089,hasCLass,hasClass
10002,20090,hasCLass,hasClass
10002,20091,hasCLass,hasClass
10002,20092,hasCLass,hasClass
10002,20093,hasCLass,hasClass
10002,20094,hasCLass,hasClass
10002,20095,hasCLass,hasClass
10002,20096,hasCLass,hasClass
10002,20097,hasCLass,hasClass
10002,20098,hasCLass,hasClass
10002,20099,hasCLass,hasClass
10003,20100,hasCLass,hasClass
10003,20101,hasCLass,hasClass
10003,20102,hasCLass,hasClass
10003,20103,hasCLass,hasClass
10003,20104,hasCLass,hasClass
10004,20105,hasCLass,hasClass
10004,20106,hasCLass,hasClass
10004,20107,hasCLass,hasClass
10004,20108,hasCLass,hasClass
10004,20109,hasCLass,hasClass
10005,20110,hasCLass,hasClass
10005,20111,hasCLass,hasClass
10005,20112,hasCLass,hasClass
10005,20113,hasCLass,hasClass
10005,20114,hasCLass,hasClass
10005,20115,hasCLass,hasClass
10005,20116,hasCLass,hasClass
10005,20117,hasCLass,hasClass
10005,20118,hasCLass,hasClass
10005,20119,hasCLass,hasClass
10005,20120,hasCLass,hasClass
10005,20121,hasCLass,hasClass
10005,20122,hasCLass,hasClass
10005,20123,hasCLass,hasClass
10005,20124,hasCLass,hasClass
10005,20125,hasCLass,hasClass
10005,20126,hasCLass,hasClass
10006,20127,hasCLass,hasClass
10006,20128,hasCLass,hasClass
10006,20129,hasCLass,hasClass
10006,20130,hasCLass,hasClass
10006,20131,hasCLass,hasClass
10006,20132,hasCLass,hasClass
10006,20133,hasCLass,hasClass
10006,20134,hasCLass,hasClass
10006,20135,hasCLass,hasClass
10006,20136,hasCLass,hasClass
10006,20137,hasCLass,hasClass
10006,20138,hasCLass,hasClass
10006,20139,hasCLass,hasClass
10006,20140,hasCLass,hasClass
10006,20141,hasCLass,hasClass
10006,20142,hasCLass,hasClass
10006,20143,hasCLass,hasClass
10006,20144,hasCLass,hasClass
10006,20145,hasCLass,hasClass
10006,20146,hasCLass,hasClass
10006,20147,hasCLass,hasClass
10006,20148,hasCLass,hasClass
10006,20149,hasCLass,hasClass
10006,20150,hasCLass,hasClass
10006,20151,hasCLass,hasClass
10007,20152,hasCLass,hasClass
10007,20153,hasCLass,hasClass
10007,20154,hasCLass,hasClass
10007,20155,hasCLass,hasClass
10007,20156,hasCLass,hasClass
10007,20157,hasCLass,hasClass
10007,20158,hasCLass,hasClass
10007,20159,hasCLass,hasClass
10007,20160,hasCLass,hasClass
10007,20161,hasCLass,hasClass
10007,20162,hasCLass,hasClass
10007,20163,hasCLass,hasClass
10007,20164,hasCLass,hasClass
10007,20165,hasCLass,hasClass
10007,20166,hasCLass,hasClass
10007,20167,hasCLass,hasClass
10007,20168,hasCLass,hasClass
10008,20169,hasCLass,hasClass
10008,20170,hasCLass,hasClass
10008,20171,hasCLass,hasClass
10008,20172,hasCLass,hasClass
10008,20173,hasCLass,hasClass
10008,20174,hasCLass,hasClass
10008,20175,hasCLass,hasClass
10008,20176,hasCLass,hasClass
10008,20177,hasCLass,hasClass
10008,20178,hasCLass,hasClass
10008,20179,hasCLass,hasClass
10008,20180,hasCLass,hasClass
10008,20181,hasCLass,hasClass
10008,20182,hasCLass,hasClass
10008,20183,hasCLass,hasClass
10008,20184,hasCLass,hasClass
10008,20185,hasCLass,hasClass
10008,20186,hasCLass,hasClass
10008,20187,hasCLass,hasClass
10008,20188,hasCLass,hasClass
10008,20189,hasCLass,hasClass
10008,20190,hasCLass,hasClass
10008,20191,hasCLass,hasClass
10008,20192,hasCLass,hasClass
10008,20193,hasCLass,hasClass
10008,20194,hasCLass,hasClass
10008,20195,hasCLass,hasClass
10008,20196,hasCLass,hasClass
10008,20197,hasCLass,hasClass
10008,20198,hasCLass,hasClass
10008,20199,hasCLass,hasClass
10008,20200,hasCLass,hasClass
10008,20201,hasCLass,hasClass
10009,20202,hasCLass,hasClass
10009,20203,hasCLass,hasClass
10009,20204,hasCLass,hasClass
10010,20205,hasCLass,hasClass
10010,20206,hasCLass,hasClass
10010,20207,hasCLass,hasClass
10011,20208,hasCLass,hasClass
10011,20209,hasCLass,hasClass
10011,20210,hasCLass,hasClass
10011,20211,hasCLass,hasClass
10011,20212,hasCLass,hasClass
10011,20213,hasCLass,hasClass
10011,20214,hasCLass,hasClass
10011,20215,hasCLass,hasClass
10011,20216,hasCLass,hasClass
10011,20217,hasCLass,hasClass
10011,20218,hasCLass,hasClass
10011,20219,hasCLass,hasClass
10011,20220,hasCLass,hasClass
10011,20221,hasCLass,hasClass
10011,20222,hasCLass,hasClass
10011,20223,hasCLass,hasClass
10011,20224,hasCLass,hasClass
10011,20225,hasCLass,hasClass
10011,20226,hasCLass,hasClass
10011,20227,hasCLass,hasClass
10011,20228,hasCLass,hasClass
10011,20229,hasCLass,hasClass
10011,20230,hasCLass,hasClass
10011,20231,hasCLass,hasClass
10011,20232,hasCLass,hasClass
10011,20233,hasCLass,hasClass
10011,20234,hasCLass,hasClass
10011,20235,hasCLass,hasClass
10011,20236,hasCLass,hasClass
10011,20237,hasCLass,hasClass
10011,20238,hasCLass,hasClass
10011,20239,hasCLass,hasClass
10011,20240,hasCLass,hasClass
10011,20241,hasCLass,hasClass
10011,20242,hasCLass,hasClass
10011,20243,hasCLass,hasClass
10011,20244,hasCLass,hasClass
10011,20245,hasCLass,hasClass
10011,20246,hasCLass,hasClass
10011,20247,hasCLass,hasClass
10011,20248,hasCLass,hasClass
10011,20249,hasCLass,hasClass
10012,20250,hasCLass,hasClass
10012,20251,hasCLass,hasClass
10012,20252,hasCLass,hasClass
10012,20253,hasCLass,hasClass
10013,20254,hasCLass,hasClass
10013,20255,hasCLass,hasClass
10013,20256,hasCLass,hasClass
10013,20257,hasCLass,hasClass
10014,20258,hasCLass,hasClass
10014,20259,hasCLass,hasClass
10014,20260,hasCLass,hasClass
10014,20261,hasCLass,hasClass
10014,20262,hasCLass,hasClass
10014,20263,hasCLass,hasClass
10014,20264,hasCLass,hasClass
10014,20265,hasCLass,hasClass
10014,20266,hasCLass,hasClass
10014,20267,hasCLass,hasClass
10014,20268,hasCLass,hasClass
10014,20269,hasCLass,hasClass
10014,20270,hasCLass,hasClass
10014,20271,hasCLass,hasClass
10014,20272,hasCLass,hasClass
10014,20273,hasCLass,hasClass
10014,20274,hasCLass,hasClass
10014,20275,hasCLass,hasClass
10014,20276,hasCLass,hasClass
10014,20277,hasCLass,hasClass
10014,20278,hasCLass,hasClass
10014,20279,hasCLass,hasClass
10014,20280,hasCLass,hasClass
10014,20281,hasCLass,hasClass
10014,20282,hasCLass,hasClass
10014,20283,hasCLass,hasClass
10015,20284,hasCLass,hasClass
10015,20285,hasCLass,hasClass
10015,20286,hasCLass,hasClass
10015,20287,hasCLass,hasClass
10015,20288,hasCLass,hasClass
10015,20289,hasCLass,hasClass
10015,20290,hasCLass,hasClass
10015,20291,hasCLass,hasClass
10015,20292,hasCLass,hasClass
10016,20293,hasCLass,hasClass
10016,20294,hasCLass,hasClass
10016,20295,hasCLass,hasClass
10016,20296,hasCLass,hasClass
10016,20297,hasCLass,hasClass
10016,20298,hasCLass,hasClass
10016,20299,hasCLass,hasClass
10016,20300,hasCLass,hasClass
10016,20301,hasCLass,hasClass
10016,20302,hasCLass,hasClass
10016,20303,hasCLass,hasClass
10016,20304,hasCLass,hasClass
10016,20305,hasCLass,hasClass
10016,20306,hasCLass,hasClass
10016,20307,hasCLass,hasClass
10016,20308,hasCLass,hasClass
10016,20309,hasCLass,hasClass
10016,20310,hasCLass,hasClass
10016,20311,hasCLass,hasClass
10016,20312,hasCLass,hasClass
10016,20313,hasCLass,hasClass
10016,20314,hasCLass,hasClass
10016,20315,hasCLass,hasClass
10016,20316,hasCLass,hasClass
10016,20317,hasCLass,hasClass
10016,20318,hasCLass,hasClass
10016,20319,hasCLass,hasClass
10016,20320,hasCLass,hasClass
10016,20321,hasCLass,hasClass
10016,20322,hasCLass,hasClass
10016,20323,hasCLass,hasClass
10016,20324,hasCLass,hasClass
10016,20325,hasCLass,hasClass
10016,20326,hasCLass,hasClass
10016,20327,hasCLass,hasClass
10016,20328,hasCLass,hasClass
10016,20329,hasCLass,hasClass
10016,20330,hasCLass,hasClass
10016,20331,hasCLass,hasClass
10016,20332,hasCLass,hasClass
10016,20333,hasCLass,hasClass
10016,20334,hasCLass,hasClass
10016,20335,hasCLass,hasClass
10016,20336,hasCLass,hasClass
10016,20337,hasCLass,hasClass
10016,20338,hasCLass,hasClass
10016,20339,hasCLass,hasClass
10016,20340,hasCLass,hasClass
10016,20341,hasCLass,hasClass
10016,20342,hasCLass,hasClass
10016,20343,hasCLass,hasClass
10017,20344,hasCLass,hasClass
10017,20345,hasCLass,hasClass
10017,20346,hasCLass,hasClass
10017,20347,hasCLass,hasClass
10017,20348,hasCLass,hasClass
10017,20349,hasCLass,hasClass
10017,20350,hasCLass,hasClass
10017,20351,hasCLass,hasClass
10017,20352,hasCLass,hasClass
10017,20353,hasCLass,hasClass
10017,20354,hasCLass,hasClass
10017,20355,hasCLass,hasClass
10017,20356,hasCLass,hasClass
10017,20357,hasCLass,hasClass
10017,20358,hasCLass,hasClass
10017,20359,hasCLass,hasClass
10017,20360,hasCLass,hasClass
10017,20361,hasCLass,hasClass
10017,20362,hasCLass,hasClass
10017,20363,hasCLass,hasClass
10017,20364,hasCLass,hasClass
10017,20365,hasCLass,hasClass
10017,20366,hasCLass,hasClass
10017,20367,hasCLass,hasClass
10017,20368,hasCLass,hasClass
10017,20369,hasCLass,hasClass
10017,20370,hasCLass,hasClass
10017,20371,hasCLass,hasClass
10017,20372,hasCLass,hasClass
10017,20373,hasCLass,hasClass
10017,20374,hasCLass,hasClass
10017,20375,hasCLass,hasClass
10017,20376,hasCLass,hasClass
10017,20377,hasCLass,hasClass
10017,20378,hasCLass,hasClass
10017,20379,hasCLass,hasClass
10017,20380,hasCLass,hasClass
10018,20381,hasCLass,hasClass
10018,20382,hasCLass,hasClass
10018,20383,hasCLass,hasClass
10018,20384,hasCLass,hasClass
10018,20385,hasCLass,hasClass
10018,20386,hasCLass,hasClass
10018,20387,hasCLass,hasClass
10018,20388,hasCLass,hasClass
10018,20389,hasCLass,hasClass
10018,20390,hasCLass,hasClass
10018,20391,hasCLass,hasClass
10018,20392,hasCLass,hasClass
10018,20393,hasCLass,hasClass
10018,20394,hasCLass,hasClass
10018,20395,hasCLass,hasClass
10018,20396,hasCLass,hasClass
10018,20397,hasCLass,hasClass
10018,20398,hasCLass,hasClass
10018,20399,hasCLass,hasClass
10018,20400,hasCLass,hasClass
10018,20401,hasCLass,hasClass
10018,20402,hasCLass,hasClass
10018,20403,hasCLass,hasClass
10018,20404,hasCLass,hasClass
10018,20405,hasCLass,hasClass
10018,20406,hasCLass,hasClass
10018,20407,hasCLass,hasClass
10018,20408,hasCLass,hasClass
10018,20409,hasCLass,hasClass
10018,20410,hasCLass,hasClass
10018,20411,hasCLass,hasClass
10018,20412,hasCLass,hasClass
10018,20413,hasCLass,hasClass
10018,20414,hasCLass,hasClass
10018,20415,hasCLass,hasClass
10018,20416,hasCLass,hasClass
10018,20417,hasCLass,hasClass
10019,20418,hasCLass,hasClass
10020,20419,hasCLass,hasClass
10020,20420,hasCLass,hasClass
10020,20421,hasCLass,hasClass
10020,20422,hasCLass,hasClass
10020,20423,hasCLass,hasClass
10020,20424,hasCLass,hasClass
10020,20425,hasCLass,hasClass
10020,20426,hasCLass,hasClass
10020,20427,hasCLass,hasClass
10020,20428,hasCLass,hasClass
10021,20429,hasCLass,hasClass
10021,20430,hasCLass,hasClass
10021,20431,hasCLass,hasClass
10021,20432,hasCLass,hasClass
10021,20433,hasCLass,hasClass
10021,20434,hasCLass,hasClass
10021,20435,hasCLass,hasClass
10022,20436,hasCLass,hasClass
10022,20437,hasCLass,hasClass
10022,20438,hasCLass,hasClass
10022,20439,hasCLass,hasClass
10022,20440,hasCLass,hasClass
10023,20441,hasCLass,hasClass
10023,20442,hasCLass,hasClass
10023,20443,hasCLass,hasClass
10023,20444,hasCLass,hasClass
10023,20445,hasCLass,hasClass
10023,20446,hasCLass,hasClass
10023,20447,hasCLass,hasClass
10023,20448,hasCLass,hasClass
10024,20449,hasCLass,hasClass
10024,20450,hasCLass,hasClass
10024,20451,hasCLass,hasClass
10025,20452,hasCLass,hasClass
10025,20453,hasCLass,hasClass
10025,20454,hasCLass,hasClass
10025,20455,hasCLass,hasClass
10025,20456,hasCLass,hasClass
10025,20457,hasCLass,hasClass
10025,20458,hasCLass,hasClass
10025,20459,hasCLass,hasClass
10025,20460,hasCLass,hasClass
10025,20461,hasCLass,hasClass
10025,20462,hasCLass,hasClass
10025,20463,hasCLass,hasClass
10025,20464,hasCLass,hasClass
10025,20465,hasCLass,hasClass
10025,20466,hasCLass,hasClass
10025,20467,hasCLass,hasClass
10025,20468,hasCLass,hasClass
10025,20469,hasCLass,hasClass
10025,20470,hasCLass,hasClass
10025,20471,hasCLass,hasClass
10025,20472,hasCLass,hasClass
10025,20473,hasCLass,hasClass
10025,20474,hasCLass,hasClass
10025,20475,hasCLass,hasClass
10025,20476,hasCLass,hasClass
10025,20477,hasCLass,hasClass
10025,20478,hasCLass,hasClass
10025,20479,hasCLass,hasClass
10025,20480,hasCLass,hasClass
10025,20481,hasCLass,hasClass
10025,20482,hasCLass,hasClass
10025,20483,hasCLass,hasClass
10025,20484,hasCLass,hasClass
10025,20485,hasCLass,hasClass
10025,20486,hasCLass,hasClass
10025,20487,hasCLass,hasClass
10025,20488,hasCLass,hasClass
10025,20489,hasCLass,hasClass
10025,20490,hasCLass,hasClass
10026,20491,hasCLass,hasClass
10026,20492,hasCLass,hasClass
10026,20493,hasCLass,hasClass
10026,20494,hasCLass,hasClass
10026,20495,hasCLass,hasClass
10026,20496,hasCLass,hasClass
10026,20497,hasCLass,hasClass
10026,20498,hasCLass,hasClass
10026,20499,hasCLass,hasClass
10026,20500,hasCLass,hasClass
10027,20501,hasCLass,hasClass
10027,20502,hasCLass,hasClass
10027,20503,hasCLass,hasClass
10027,20504,hasCLass,hasClass
10027,20505,hasCLass,hasClass
10027,20506,hasCLass,hasClass
10027,20507,hasCLass,hasClass
10027,20508,hasCLass,hasClass
10027,20509,hasCLass,hasClass
10027,20510,hasCLass,hasClass
10027,20511,hasCLass,hasClass
10027,20512,hasCLass,hasClass
10027,20513,hasCLass,hasClass
10027,20514,hasCLass,hasClass
10027,20515,hasCLass,hasClass
10027,20516,hasCLass,hasClass
10027,20517,hasCLass,hasClass
10027,20518,hasCLass,hasClass
10028,20519,hasCLass,hasClass
10028,20520,hasCLass,hasClass
10028,20521,hasCLass,hasClass
10028,20522,hasCLass,hasClass
10028,20523,hasCLass,hasClass
10028,20524,hasCLass,hasClass
10029,20525,hasCLass,hasClass
10029,20526,hasCLass,hasClass
10029,20527,hasCLass,hasClass
10029,20528,hasCLass,hasClass
10029,20529,hasCLass,hasClass
10029,20530,hasCLass,hasClass
10030,20531,hasCLass,hasClass
10031,20532,hasCLass,hasClass
10031,20533,hasCLass,hasClass
10031,20534,hasCLass,hasClass
10031,20535,hasCLass,hasClass
10031,20536,hasCLass,hasClass
10031,20537,hasCLass,hasClass
10031,20538,hasCLass,hasClass
10031,20539,hasCLass,hasClass
10032,20540,hasCLass,hasClass
10032,20541,hasCLass,hasClass
10032,20542,hasCLass,hasClass
10032,20543,hasCLass,hasClass
10032,20544,hasCLass,hasClass
10033,20545,hasCLass,hasClass
10033,20546,hasCLass,hasClass
10034,20547,hasCLass,hasClass
10034,20548,hasCLass,hasClass
10034,20549,hasCLass,hasClass
10035,20550,hasCLass,hasClass
10035,20551,hasCLass,hasClass
10035,20552,hasCLass,hasClass
10035,20553,hasCLass,hasClass
10035,20554,hasCLass,hasClass
10035,20555,hasCLass,hasClass
10035,20556,hasCLass,hasClass
10035,20557,hasCLass,hasClass
10036,20558,hasCLass,hasClass
10036,20559,hasCLass,hasClass
10037,20560,hasCLass,hasClass
10038,20561,hasCLass,hasClass
10038,20562,hasCLass,hasClass
10038,20563,hasCLass,hasClass
10038,20564,hasCLass,hasClass
10038,20565,hasCLass,hasClass
10038,20566,hasCLass,hasClass
10038,20567,hasCLass,hasClass
10038,20568,hasCLass,hasClass
10038,20569,hasCLass,hasClass
10038,20570,hasCLass,hasClass
10038,20571,hasCLass,hasClass
10038,20572,hasCLass,hasClass
10039,20573,hasCLass,hasClass
10039,20574,hasCLass,hasClass
10039,20575,hasCLass,hasClass
10039,20576,hasCLass,hasClass
10039,20577,hasCLass,hasClass
10039,20578,hasCLass,hasClass
10039,20579,hasCLass,hasClass
10039,20580,hasCLass,hasClass
10039,20581,hasCLass,hasClass
10039,20582,hasCLass,hasClass
10039,20583,hasCLass,hasClass
10039,20584,hasCLass,hasClass
10039,20585,hasCLass,hasClass
10039,20586,hasCLass,hasClass
10039,20587,hasCLass,hasClass
10039,20588,hasCLass,hasClass
10039,20589,hasCLass,hasClass
10039,20590,hasCLass,hasClass
10039,20591,hasCLass,hasClass
10039,20592,hasCLass,hasClass
10039,20593,hasCLass,hasClass
10039,20594,hasCLass,hasClass
10039,20595,hasCLass,hasClass
10039,20596,hasCLass,hasClass
10039,20597,hasCLass,hasClass
10039,20598,hasCLass,hasClass
10039,20599,hasCLass,hasClass
10039,20600,hasCLass,hasClass
10039,20601,hasCLass,hasClass
10039,20602,hasCLass,hasClass
10039,20603,hasCLass,hasClass
10039,20604,hasCLass,hasClass
10039,20605,hasCLass,hasClass
10039,20606,hasCLass,hasClass
10039,20607,hasCLass,hasClass
10039,20608,hasCLass,hasClass
10039,20609,hasCLass,hasClass
10039,20610,hasCLass,hasClass
10039,20611,hasCLass,hasClass
10039,20612,hasCLass,hasClass
10039,20613,hasCLass,hasClass
10039,20614,hasCLass,hasClass
10039,20615,hasCLass,hasClass
10039,20616,hasCLass,hasClass
10039,20617,hasCLass,hasClass
10039,20618,hasCLass,hasClass
10039,20619,hasCLass,hasClass
10039,20620,hasCLass,hasClass
10039,20621,hasCLass,hasClass
10039,20622,hasCLass,hasClass
10039,20623,hasCLass,hasClass
10039,20624,hasCLass,hasClass
10040,20625,hasCLass,hasClass
10040,20626,hasCLass,hasClass
10040,20627,hasCLass,hasClass
10040,20628,hasCLass,hasClass
10040,20629,hasCLass,hasClass
10040,20630,hasCLass,hasClass
10040,20631,hasCLass,hasClass
10040,20632,hasCLass,hasClass
10040,20633,hasCLass,hasClass
10040,20634,hasCLass,hasClass
10040,20635,hasCLass,hasClass
10040,20636,hasCLass,hasClass
10040,20637,hasCLass,hasClass
10040,20638,hasCLass,hasClass
10040,20639,hasCLass,hasClass
10040,20640,hasCLass,hasClass
10040,20641,hasCLass,hasClass
10040,20642,hasCLass,hasClass
10040,20643,hasCLass,hasClass
10040,20644,hasCLass,hasClass
10040,20645,hasCLass,hasClass
10040,20646,hasCLass,hasClass
10040,20647,hasCLass,hasClass
10040,20648,hasCLass,hasClass
10040,20649,hasCLass,hasClass
10040,20650,hasCLass,hasClass
10040,20651,hasCLass,hasClass
10040,20652,hasCLass,hasClass
10040,20653,hasCLass,hasClass
10040,20654,hasCLass,hasClass
10040,20655,hasCLass,hasClass
10040,20656,hasCLass,hasClass
10040,20657,hasCLass,hasClass
10040,20658,hasCLass,hasClass
10040,20659,hasCLass,hasClass
10040,20660,hasCLass,hasClass
10040,20661,hasCLass,hasClass
10040,20662,hasCLass,hasClass
10040,20663,hasCLass,hasClass
10040,20664,hasCLass,hasClass
10040,20665,hasCLass,hasClass
10040,20666,hasCLass,hasClass
10040,20667,hasCLass,hasClass
10040,20668,hasCLass,hasClass
10040,20669,hasCLass,hasClass
10040,20670,hasCLass,hasClass
10040,20671,hasCLass,hasClass
10040,20672,hasCLass,hasClass
10040,20673,hasCLass,hasClass
10040,20674,hasCLass,hasClass
10040,20675,hasCLass,hasClass
10040,20676,hasCLass,hasClass
10041,20677,hasCLass,hasClass
10041,20678,hasCLass,hasClass
10041,20679,hasCLass,hasClass
10041,20680,hasCLass,hasClass
10041,20681,hasCLass,hasClass
10041,20682,hasCLass,hasClass
10041,20683,hasCLass,hasClass
10041,20684,hasCLass,hasClass
10041,20685,hasCLass,hasClass
10041,20686,hasCLass,hasClass
10041,20687,hasCLass,hasClass
10041,20688,hasCLass,hasClass
10041,20689,hasCLass,hasClass
10041,20690,hasCLass,hasClass
10041,20691,hasCLass,hasClass
10041,20692,hasCLass,hasClass
10041,20693,hasCLass,hasClass
10041,20694,hasCLass,hasClass
10041,20695,hasCLass,hasClass
10041,20696,hasCLass,hasClass
10041,20697,hasCLass,hasClass
10041,20698,hasCLass,hasClass
10041,20699,hasCLass,hasClass
10041,20700,hasCLass,hasClass
10041,20701,hasCLass,hasClass
10041,20702,hasCLass,hasClass
10041,20703,hasCLass,hasClass
10042,20704,hasCLass,hasClass
10042,20705,hasCLass,hasClass
10042,20706,hasCLass,hasClass
10042,20707,hasCLass,hasClass
10042,20708,hasCLass,hasClass
10042,20709,hasCLass,hasClass
10042,20710,hasCLass,hasClass
10042,20711,hasCLass,hasClass
10042,20712,hasCLass,hasClass
10042,20713,hasCLass,hasClass
10042,20714,hasCLass,hasClass
10042,20715,hasCLass,hasClass
10042,20716,hasCLass,hasClass
10042,20717,hasCLass,hasClass
10042,20718,hasCLass,hasClass
10042,20719,hasCLass,hasClass
10042,20720,hasCLass,hasClass
10042,20721,hasCLass,hasClass
10042,20722,hasCLass,hasClass
10042,20723,hasCLass,hasClass
10042,20724,hasCLass,hasClass
10042,20725,hasCLass,hasClass
10042,20726,hasCLass,hasClass
10042,20727,hasCLass,hasClass
10042,20728,hasCLass,hasClass
10042,20729,hasCLass,hasClass
10042,20730,hasCLass,hasClass
10043,20731,hasCLass,hasClass
10043,20732,hasCLass,hasClass
10043,20733,hasCLass,hasClass
10043,20734,hasCLass,hasClass
10043,20735,hasCLass,hasClass
10043,20736,hasCLass,hasClass
10043,20737,hasCLass,hasClass
10043,20738,hasCLass,hasClass
10043,20739,hasCLass,hasClass
10043,20740,hasCLass,hasClass
10043,20741,hasCLass,hasClass
10043,20742,hasCLass,hasClass
10043,20743,hasCLass,hasClass
10043,20744,hasCLass,hasClass
10043,20745,hasCLass,hasClass
10043,20746,hasCLass,hasClass
10043,20747,hasCLass,hasClass
10043,20748,hasCLass,hasClass
10043,20749,hasCLass,hasClass
10043,20750,hasCLass,hasClass
10043,20751,hasCLass,hasClass
10043,20752,hasCLass,hasClass
10044,20753,hasCLass,hasClass
10044,20754,hasCLass,hasClass
10044,20755,hasCLass,hasClass
10044,20756,hasCLass,hasClass
10044,20757,hasCLass,hasClass
10044,20758,hasCLass,hasClass
10044,20759,hasCLass,hasClass
10045,20760,hasCLass,hasClass
10045,20761,hasCLass,hasClass
10045,20762,hasCLass,hasClass
10045,20763,hasCLass,hasClass
10045,20764,hasCLass,hasClass
10045,20765,hasCLass,hasClass
10045,20766,hasCLass,hasClass
10045,20767,hasCLass,hasClass
10045,20768,hasCLass,hasClass
10045,20769,hasCLass,hasClass
10045,20770,hasCLass,hasClass
10045,20771,hasCLass,hasClass
10045,20772,hasCLass,hasClass
10045,20773,hasCLass,hasClass
10045,20774,hasCLass,hasClass
10045,20775,hasCLass,hasClass
10045,20776,hasCLass,hasClass
10045,20777,hasCLass,hasClass
10045,20778,hasCLass,hasClass
10045,20779,hasCLass,hasClass
10045,20780,hasCLass,hasClass
10045,20781,hasCLass,hasClass
10045,20782,hasCLass,hasClass
10045,20783,hasCLass,hasClass
10045,20784,hasCLass,hasClass
10045,20785,hasCLass,hasClass
10046,20786,hasCLass,hasClass
10046,20787,hasCLass,hasClass
10046,20788,hasCLass,hasClass
10046,20789,hasCLass,hasClass
10046,20790,hasCLass,hasClass
10046,20791,hasCLass,hasClass
10047,20792,hasCLass,hasClass
10047,20793,hasCLass,hasClass
10047,20794,hasCLass,hasClass
10047,20795,hasCLass,hasClass
10047,20796,hasCLass,hasClass
10047,20797,hasCLass,hasClass
10047,20798,hasCLass,hasClass
10047,20799,hasCLass,hasClass
10047,20800,hasCLass,hasClass
10047,20801,hasCLass,hasClass
10047,20802,hasCLass,hasClass
10047,20803,hasCLass,hasClass
10047,20804,hasCLass,hasClass
10047,20805,hasCLass,hasClass
10047,20806,hasCLass,hasClass
10047,20807,hasCLass,hasClass
10047,20808,hasCLass,hasClass
10047,20809,hasCLass,hasClass
10047,20810,hasCLass,hasClass
10047,20811,hasCLass,hasClass
10047,20812,hasCLass,hasClass
10047,20813,hasCLass,hasClass
10047,20814,hasCLass,hasClass
10047,20815,hasCLass,hasClass
10047,20816,hasCLass,hasClass
10047,20817,hasCLass,hasClass
10047,20818,hasCLass,hasClass
10047,20819,hasCLass,hasClass
10047,20820,hasCLass,hasClass
10047,20821,hasCLass,hasClass
10047,20822,hasCLass,hasClass
10047,20823,hasCLass,hasClass
10047,20824,hasCLass,hasClass
10047,20825,hasCLass,hasClass
10047,20826,hasCLass,hasClass
10047,20827,hasCLass,hasClass
10047,20828,hasCLass,hasClass
10047,20829,hasCLass,hasClass
10047,20830,hasCLass,hasClass
10047,20831,hasCLass,hasClass
10047,20832,hasCLass,hasClass
10047,20833,hasCLass,hasClass
10047,20834,hasCLass,hasClass
10047,20835,hasCLass,hasClass
10047,20836,hasCLass,hasClass
10047,20837,hasCLass,hasClass
10047,20838,hasCLass,hasClass
10047,20839,hasCLass,hasClass
10047,20840,hasCLass,hasClass
10047,20841,hasCLass,hasClass
10047,20842,hasCLass,hasClass
10047,20843,hasCLass,hasClass
10047,20844,hasCLass,hasClass
10047,20845,hasCLass,hasClass
10047,20846,hasCLass,hasClass
10047,20847,hasCLass,hasClass
10048,20848,hasCLass,hasClass
10048,20849,hasCLass,hasClass
10048,20850,hasCLass,hasClass
10048,20851,hasCLass,hasClass
10048,20852,hasCLass,hasClass
10048,20853,hasCLass,hasClass
10048,20854,hasCLass,hasClass
10048,20855,hasCLass,hasClass
10048,20856,hasCLass,hasClass
10048,20857,hasCLass,hasClass
10048,20858,hasCLass,hasClass
10048,20859,hasCLass,hasClass
10048,20860,hasCLass,hasClass
10048,20861,hasCLass,hasClass
10048,20862,hasCLass,hasClass
10048,20863,hasCLass,hasClass
10048,20864,hasCLass,hasClass
10048,20865,hasCLass,hasClass
10048,20866,hasCLass,hasClass
10048,20867,hasCLass,hasClass
10048,20868,hasCLass,hasClass
10048,20869,hasCLass,hasClass
10048,20870,hasCLass,hasClass
10048,20871,hasCLass,hasClass
10048,20872,hasCLass,hasClass
10048,20873,hasCLass,hasClass
10048,20874,hasCLass,hasClass
10048,20875,hasCLass,hasClass
10048,20876,hasCLass,hasClass
10048,20877,hasCLass,hasClass
10048,20878,hasCLass,hasClass
10048,20879,hasCLass,hasClass
10048,20880,hasCLass,hasClass
10048,20881,hasCLass,hasClass
10048,20882,hasCLass,hasClass
10049,20883,hasCLass,hasClass
10049,20884,hasCLass,hasClass
10049,20885,hasCLass,hasClass
10049,20886,hasCLass,hasClass
10049,20887,hasCLass,hasClass
10049,20888,hasCLass,hasClass
10049,20889,hasCLass,hasClass
10049,20890,hasCLass,hasClass
10049,20891,hasCLass,hasClass
10049,20892,hasCLass,hasClass
10049,20893,hasCLass,hasClass
10049,20894,hasCLass,hasClass
10050,20895,hasCLass,hasClass
10050,20896,hasCLass,hasClass
10050,20897,hasCLass,hasClass
10050,20898,hasCLass,hasClass
10050,20899,hasCLass,hasClass
10050,20900,hasCLass,hasClass
10050,20901,hasCLass,hasClass
10050,20902,hasCLass,hasClass
10051,20903,hasCLass,hasClass
10051,20904,hasCLass,hasClass
10051,20905,hasCLass,hasClass
10051,20906,hasCLass,hasClass
10051,20907,hasCLass,hasClass
10051,20908,hasCLass,hasClass
10051,20909,hasCLass,hasClass
10051,20910,hasCLass,hasClass
10052,20911,hasCLass,hasClass
10052,20912,hasCLass,hasClass
10052,20913,hasCLass,hasClass
10052,20914,hasCLass,hasClass
10052,20915,hasCLass,hasClass
10052,20916,hasCLass,hasClass
10052,20917,hasCLass,hasClass
10052,20918,hasCLass,hasClass
10052,20919,hasCLass,hasClass
10052,20920,hasCLass,hasClass
10052,20921,hasCLass,hasClass
10052,20922,hasCLass,hasClass
10052,20923,hasCLass,hasClass
10052,20924,hasCLass,hasClass
10052,20925,hasCLass,hasClass
10053,20926,hasCLass,hasClass
10053,20927,hasCLass,hasClass
10053,20928,hasCLass,hasClass
10053,20929,hasCLass,hasClass
10054,20930,hasCLass,hasClass
10054,20931,hasCLass,hasClass
10055,20932,hasCLass,hasClass
10055,20933,hasCLass,hasClass
10055,20934,hasCLass,hasClass
10055,20935,hasCLass,hasClass
10056,20936,hasCLass,hasClass
10056,20937,hasCLass,hasClass
10056,20938,hasCLass,hasClass
10056,20939,hasCLass,hasClass
10056,20940,hasCLass,hasClass
10056,20941,hasCLass,hasClass
10056,20942,hasCLass,hasClass
10056,20943,hasCLass,hasClass
10056,20944,hasCLass,hasClass
10056,20945,hasCLass,hasClass
10056,20946,hasCLass,hasClass
10056,20947,hasCLass,hasClass
10056,20948,hasCLass,hasClass
10056,20949,hasCLass,hasClass
10056,20950,hasCLass,hasClass
10056,20951,hasCLass,hasClass
10057,20952,hasCLass,hasClass
10057,20953,hasCLass,hasClass
10057,20954,hasCLass,hasClass
10057,20955,hasCLass,hasClass
10057,20956,hasCLass,hasClass
10057,20957,hasCLass,hasClass
10057,20958,hasCLass,hasClass
10057,20959,hasCLass,hasClass
10057,20960,hasCLass,hasClass
10057,20961,hasCLass,hasClass
10057,20962,hasCLass,hasClass
10058,20963,hasCLass,hasClass
10058,20964,hasCLass,hasClass
10058,20965,hasCLass,hasClass
10058,20966,hasCLass,hasClass
10058,20967,hasCLass,hasClass
10058,20968,hasCLass,hasClass
10058,20969,hasCLass,hasClass
10058,20970,hasCLass,hasClass
10058,20971,hasCLass,hasClass
10058,20972,hasCLass,hasClass
10058,20973,hasCLass,hasClass
10059,20974,hasCLass,hasClass
10059,20975,hasCLass,hasClass
10059,20976,hasCLass,hasClass
10059,20977,hasCLass,hasClass
10059,20978,hasCLass,hasClass
10059,20979,hasCLass,hasClass
10059,20980,hasCLass,hasClass
10059,20981,hasCLass,hasClass
10059,20982,hasCLass,hasClass
10059,20983,hasCLass,hasClass
10059,20984,hasCLass,hasClass
10060,20985,hasCLass,hasClass
10060,20986,hasCLass,hasClass
10060,20987,hasCLass,hasClass
10060,20988,hasCLass,hasClass
10060,20989,hasCLass,hasClass
10060,20990,hasCLass,hasClass
10060,20991,hasCLass,hasClass
10060,20992,hasCLass,hasClass
10060,20993,hasCLass,hasClass
10060,20994,hasCLass,hasClass
10060,20995,hasCLass,hasClass
10061,20996,hasCLass,hasClass
10061,20997,hasCLass,hasClass
10062,20998,hasCLass,hasClass
10062,20999,hasCLass,hasClass
10062,21000,hasCLass,hasClass
10062,21001,hasCLass,hasClass
10062,21002,hasCLass,hasClass
10062,21003,hasCLass,hasClass
10062,21004,hasCLass,hasClass
10062,21005,hasCLass,hasClass
10062,21006,hasCLass,hasClass
10062,21007,hasCLass,hasClass
10062,21008,hasCLass,hasClass
10062,21009,hasCLass,hasClass
10062,21010,hasCLass,hasClass
10062,21011,hasCLass,hasClass
10062,21012,hasCLass,hasClass
10062,21013,hasCLass,hasClass
10062,21014,hasCLass,hasClass
10063,21015,hasCLass,hasClass
10063,21016,hasCLass,hasClass
10063,21017,hasCLass,hasClass
10063,21018,hasCLass,hasClass
10063,21019,hasCLass,hasClass
10063,21020,hasCLass,hasClass
10063,21021,hasCLass,hasClass
10063,21022,hasCLass,hasClass
10063,21023,hasCLass,hasClass
10063,21024,hasCLass,hasClass
10063,21025,hasCLass,hasClass
10063,21026,hasCLass,hasClass
10063,21027,hasCLass,hasClass
10063,21028,hasCLass,hasClass
10063,21029,hasCLass,hasClass
10063,21030,hasCLass,hasClass
10063,21031,hasCLass,hasClass
10064,21032,hasCLass,hasClass
10064,21033,hasCLass,hasClass
10064,21034,hasCLass,hasClass
10064,21035,hasCLass,hasClass
10064,21036,hasCLass,hasClass
10064,21037,hasCLass,hasClass
10064,21038,hasCLass,hasClass
10064,21039,hasCLass,hasClass
10064,21040,hasCLass,hasClass
10064,21041,hasCLass,hasClass
10064,21042,hasCLass,hasClass
10064,21043,hasCLass,hasClass
10064,21044,hasCLass,hasClass
10064,21045,hasCLass,hasClass
10064,21046,hasCLass,hasClass
10064,21047,hasCLass,hasClass
10065,21048,hasCLass,hasClass
10065,21049,hasCLass,hasClass
10065,21050,hasCLass,hasClass
10065,21051,hasCLass,hasClass
10065,21052,hasCLass,hasClass
10065,21053,hasCLass,hasClass
10065,21054,hasCLass,hasClass
10065,21055,hasCLass,hasClass
10066,21056,hasCLass,hasClass
10066,21057,hasCLass,hasClass
10066,21058,hasCLass,hasClass
10066,21059,hasCLass,hasClass
10066,21060,hasCLass,hasClass
10066,21061,hasCLass,hasClass
10066,21062,hasCLass,hasClass
10066,21063,hasCLass,hasClass
10067,21064,hasCLass,hasClass
10067,21065,hasCLass,hasClass
10067,21066,hasCLass,hasClass
10068,21067,hasCLass,hasClass
10069,21068,hasCLass,hasClass
10069,21069,hasCLass,hasClass
10069,21070,hasCLass,hasClass
10069,21071,hasCLass,hasClass
10070,21072,hasCLass,hasClass
10070,21073,hasCLass,hasClass
10070,21074,hasCLass,hasClass
10070,21075,hasCLass,hasClass
10070,21076,hasCLass,hasClass
10070,21077,hasCLass,hasClass
10070,21078,hasCLass,hasClass
10070,21079,hasCLass,hasClass
10070,21080,hasCLass,hasClass
10071,21081,hasCLass,hasClass
10071,21082,hasCLass,hasClass
10071,21083,hasCLass,hasClass
10071,21084,hasCLass,hasClass
10071,21085,hasCLass,hasClass
10071,21086,hasCLass,hasClass
10071,21087,hasCLass,hasClass
10071,21088,hasCLass,hasClass
10071,21089,hasCLass,hasClass
10072,21090,hasCLass,hasClass
10072,21091,hasCLass,hasClass
10072,21092,hasCLass,hasClass
10072,21093,hasCLass,hasClass
10072,21094,hasCLass,hasClass
10072,21095,hasCLass,hasClass
10072,21096,hasCLass,hasClass
10072,21097,hasCLass,hasClass
10072,21098,hasCLass,hasClass
10073,21099,hasCLass,hasClass
10073,21100,hasCLass,hasClass
10073,21101,hasCLass,hasClass
10073,21102,hasCLass,hasClass
10073,21103,hasCLass,hasClass
10073,21104,hasCLass,hasClass
10073,21105,hasCLass,hasClass
10073,21106,hasCLass,hasClass
10073,21107,hasCLass,hasClass
10074,21108,hasCLass,hasClass
10074,21109,hasCLass,hasClass
10074,21110,hasCLass,hasClass
10074,21111,hasCLass,hasClass
10074,21112,hasCLass,hasClass
10074,21113,hasCLass,hasClass
10074,21114,hasCLass,hasClass
10074,21115,hasCLass,hasClass
10074,21116,hasCLass,hasClass
10075,21117,hasCLass,hasClass
10075,21118,hasCLass,hasClass
10075,21119,hasCLass,hasClass
10075,21120,hasCLass,hasClass
10075,21121,hasCLass,hasClass
10075,21122,hasCLass,hasClass
10075,21123,hasCLass,hasClass
10075,21124,hasCLass,hasClass
10075,21125,hasCLass,hasClass
10076,21126,hasCLass,hasClass
10076,21127,hasCLass,hasClass
10076,21128,hasCLass,hasClass
10076,21129,hasCLass,hasClass
10076,21130,hasCLass,hasClass
10076,21131,hasCLass,hasClass
10076,21132,hasCLass,hasClass
10076,21133,hasCLass,hasClass
10076,21134,hasCLass,hasClass
10077,21135,hasCLass,hasClass
10077,21136,hasCLass,hasClass
10077,21137,hasCLass,hasClass
10077,21138,hasCLass,hasClass
10077,21139,hasCLass,hasClass
10077,21140,hasCLass,hasClass
10077,21141,hasCLass,hasClass
10077,21142,hasCLass,hasClass
10077,21143,hasCLass,hasClass
10077,21144,hasCLass,hasClass
10077,21145,hasCLass,hasClass
10077,21146,hasCLass,hasClass
10077,21147,hasCLass,hasClass
10077,21148,hasCLass,hasClass
10077,21149,hasCLass,hasClass
10077,21150,hasCLass,hasClass
10077,21151,hasCLass,hasClass
10077,21152,hasCLass,hasClass
10077,21153,hasCLass,hasClass
10078,21154,hasCLass,hasClass
10078,21155,hasCLass,hasClass
10078,21156,hasCLass,hasClass
10078,21157,hasCLass,hasClass
10078,21158,hasCLass,hasClass
10078,21159,hasCLass,hasClass
10078,21160,hasCLass,hasClass
10078,21161,hasCLass,hasClass
10078,21162,hasCLass,hasClass
10078,21163,hasCLass,hasClass
10078,21164,hasCLass,hasClass
10078,21165,hasCLass,hasClass
10078,21166,hasCLass,hasClass
10078,21167,hasCLass,hasClass
10078,21168,hasCLass,hasClass
10078,21169,hasCLass,hasClass
10078,21170,hasCLass,hasClass
10078,21171,hasCLass,hasClass
10078,21172,hasCLass,hasClass
10078,21173,hasCLass,hasClass
10078,21174,hasCLass,hasClass
10078,21175,hasCLass,hasClass
10078,21176,hasCLass,hasClass
10078,21177,hasCLass,hasClass
10078,21178,hasCLass,hasClass
10078,21179,hasCLass,hasClass
10078,21180,hasCLass,hasClass
10078,21181,hasCLass,hasClass
10078,21182,hasCLass,hasClass
10078,21183,hasCLass,hasClass
10078,21184,hasCLass,hasClass
10078,21185,hasCLass,hasClass
10078,21186,hasCLass,hasClass
10079,21187,hasCLass,hasClass
10079,21188,hasCLass,hasClass
10079,21189,hasCLass,hasClass
10079,21190,hasCLass,hasClass
10080,21191,hasCLass,hasClass
10080,21192,hasCLass,hasClass
10080,21193,hasCLass,hasClass
10080,21194,hasCLass,hasClass
10080,21195,hasCLass,hasClass
10080,21196,hasCLass,hasClass
10080,21197,hasCLass,hasClass
10081,21198,hasCLass,hasClass
10081,21199,hasCLass,hasClass
10081,21200,hasCLass,hasClass
10081,21201,hasCLass,hasClass
10081,21202,hasCLass,hasClass
10082,21203,hasCLass,hasClass
10082,21204,hasCLass,hasClass
10082,21205,hasCLass,hasClass
10082,21206,hasCLass,hasClass
10082,21207,hasCLass,hasClass
10082,21208,hasCLass,hasClass
10082,21209,hasCLass,hasClass
10082,21210,hasCLass,hasClass
10082,21211,hasCLass,hasClass
10082,21212,hasCLass,hasClass
10082,21213,hasCLass,hasClass
10082,21214,hasCLass,hasClass
10082,21215,hasCLass,hasClass
10083,21216,hasCLass,hasClass
10083,21217,hasCLass,hasClass
10083,21218,hasCLass,hasClass
10083,21219,hasCLass,hasClass
10083,21220,hasCLass,hasClass
10083,21221,hasCLass,hasClass
10083,21222,hasCLass,hasClass
10083,21223,hasCLass,hasClass
10083,21224,hasCLass,hasClass
10083,21225,hasCLass,hasClass
10083,21226,hasCLass,hasClass
10083,21227,hasCLass,hasClass
10084,21228,hasCLass,hasClass
10084,21229,hasCLass,hasClass
10084,21230,hasCLass,hasClass
10084,21231,hasCLass,hasClass
10084,21232,hasCLass,hasClass
10084,21233,hasCLass,hasClass
10084,21234,hasCLass,hasClass
10084,21235,hasCLass,hasClass
10084,21236,hasCLass,hasClass
10085,21237,hasCLass,hasClass
10085,21238,hasCLass,hasClass
10085,21239,hasCLass,hasClass
10085,21240,hasCLass,hasClass
10085,21241,hasCLass,hasClass
10085,21242,hasCLass,hasClass
10085,21243,hasCLass,hasClass
10085,21244,hasCLass,hasClass
10086,21245,hasCLass,hasClass
10086,21246,hasCLass,hasClass
10087,21247,hasCLass,hasClass
10087,21248,hasCLass,hasClass
10087,21249,hasCLass,hasClass
10087,21250,hasCLass,hasClass
10087,21251,hasCLass,hasClass
10087,21252,hasCLass,hasClass
10087,21253,hasCLass,hasClass
10087,21254,hasCLass,hasClass
10087,21255,hasCLass,hasClass
10087,21256,hasCLass,hasClass
10088,21257,hasCLass,hasClass
10088,21258,hasCLass,hasClass
10088,21259,hasCLass,hasClass
10088,21260,hasCLass,hasClass
10088,21261,hasCLass,hasClass
10088,21262,hasCLass,hasClass
10089,21263,hasCLass,hasClass
10089,21264,hasCLass,hasClass
10090,21265,hasCLass,hasClass
10090,21266,hasCLass,hasClass
10090,21267,hasCLass,hasClass
10090,21268,hasCLass,hasClass
10090,21269,hasCLass,hasClass
10090,21270,hasCLass,hasClass
10090,21271,hasCLass,hasClass
10090,21272,hasCLass,hasClass
10090,21273,hasCLass,hasClass
10090,21274,hasCLass,hasClass
10090,21275,hasCLass,hasClass
10090,21276,hasCLass,hasClass
10090,21277,hasCLass,hasClass
10090,21278,hasCLass,hasClass
10091,21279,hasCLass,hasClass
10091,21280,hasCLass,hasClass
10091,21281,hasCLass,hasClass
10091,21282,hasCLass,hasClass
10092,21283,hasCLass,hasClass
10092,21284,hasCLass,hasClass
10093,21285,hasCLass,hasClass
10093,21286,hasCLass,hasClass
10093,21287,hasCLass,hasClass
10093,21288,hasCLass,hasClass
10093,21289,hasCLass,hasClass
10093,21290,hasCLass,hasClass
10093,21291,hasCLass,hasClass
10093,21292,hasCLass,hasClass
10093,21293,hasCLass,hasClass
10093,21294,hasCLass,hasClass
10093,21295,hasCLass,hasClass
10093,21296,hasCLass,hasClass
10093,21297,hasCLass,hasClass
10093,21298,hasCLass,hasClass
10093,21299,hasCLass,hasClass
10093,21300,hasCLass,hasClass
10093,21301,hasCLass,hasClass
10093,21302,hasCLass,hasClass
10093,21303,hasCLass,hasClass
10093,21304,hasCLass,hasClass
10093,21305,hasCLass,hasClass
10093,21306,hasCLass,hasClass
10094,21307,hasCLass,hasClass
10094,21308,hasCLass,hasClass
10094,21309,hasCLass,hasClass
10094,21310,hasCLass,hasClass
10094,21311,hasCLass,hasClass
10094,21312,hasCLass,hasClass
10094,21313,hasCLass,hasClass
10094,21314,hasCLass,hasClass
10094,21315,hasCLass,hasClass
10094,21316,hasCLass,hasClass
10094,21317,hasCLass,hasClass
10094,21318,hasCLass,hasClass
10094,21319,hasCLass,hasClass
10094,21320,hasCLass,hasClass
10095,21321,hasCLass,hasClass
10095,21322,hasCLass,hasClass
10095,21323,hasCLass,hasClass
10095,21324,hasCLass,hasClass
10095,21325,hasCLass,hasClass
10095,21326,hasCLass,hasClass
10095,21327,hasCLass,hasClass
10095,21328,hasCLass,hasClass
10095,21329,hasCLass,hasClass
10095,21330,hasCLass,hasClass
10095,21331,hasCLass,hasClass
10095,21332,hasCLass,hasClass
10095,21333,hasCLass,hasClass
10095,21334,hasCLass,hasClass
10096,21335,hasCLass,hasClass
10096,21336,hasCLass,hasClass
10096,21337,hasCLass,hasClass
10096,21338,hasCLass,hasClass
10096,21339,hasCLass,hasClass
10096,21340,hasCLass,hasClass
10096,21341,hasCLass,hasClass
10096,21342,hasCLass,hasClass
10096,21343,hasCLass,hasClass
10096,21344,hasCLass,hasClass
10096,21345,hasCLass,hasClass
10096,21346,hasCLass,hasClass
10096,21347,hasCLass,hasClass
10096,21348,hasCLass,hasClass
10096,21349,hasCLass,hasClass
10096,21350,hasCLass,hasClass
10096,21351,hasCLass,hasClass
10096,21352,hasCLass,hasClass
10096,21353,hasCLass,hasClass
10096,21354,hasCLass,hasClass
10096,21355,hasCLass,hasClass
10096,21356,hasCLass,hasClass
10096,21357,hasCLass,hasClass
10096,21358,hasCLass,hasClass
10096,21359,hasCLass,hasClass
10096,21360,hasCLass,hasClass
10096,21361,hasCLass,hasClass
10096,21362,hasCLass,hasClass
10096,21363,hasCLass,hasClass
10096,21364,hasCLass,hasClass
10096,21365,hasCLass,hasClass
10096,21366,hasCLass,hasClass
10096,21367,hasCLass,hasClass
10096,21368,hasCLass,hasClass
10096,21369,hasCLass,hasClass
10096,21370,hasCLass,hasClass
10096,21371,hasCLass,hasClass
10096,21372,hasCLass,hasClass
10096,21373,hasCLass,hasClass
10096,21374,hasCLass,hasClass
10096,21375,hasCLass,hasClass
10096,21376,hasCLass,hasClass
10096,21377,hasCLass,hasClass
10096,21378,hasCLass,hasClass
10096,21379,hasCLass,hasClass
10096,21380,hasCLass,hasClass
10096,21381,hasCLass,hasClass
10096,21382,hasCLass,hasClass
10096,21383,hasCLass,hasClass
10096,21384,hasCLass,hasClass
10096,21385,hasCLass,hasClass
10096,21386,hasCLass,hasClass
10096,21387,hasCLass,hasClass
10096,21388,hasCLass,hasClass
10096,21389,hasCLass,hasClass
10096,21390,hasCLass,hasClass
10096,21391,hasCLass,hasClass
10096,21392,hasCLass,hasClass
10096,21393,hasCLass,hasClass
10096,21394,hasCLass,hasClass
10096,21395,hasCLass,hasClass
10096,21396,hasCLass,hasClass
10096,21397,hasCLass,hasClass
10096,21398,hasCLass,hasClass
10096,21399,hasCLass,hasClass
10096,21400,hasCLass,hasClass
10096,21401,hasCLass,hasClass
10096,21402,hasCLass,hasClass
10096,21403,hasCLass,hasClass
10096,21404,hasCLass,hasClass
10096,21405,hasCLass,hasClass
10096,21406,hasCLass,hasClass
10096,21407,hasCLass,hasClass
10096,21408,hasCLass,hasClass
10096,21409,hasCLass,hasClass
10097,21410,hasCLass,hasClass
10097,21411,hasCLass,hasClass
10097,21412,hasCLass,hasClass
10097,21413,hasCLass,hasClass
10097,21414,hasCLass,hasClass
10098,21415,hasCLass,hasClass
10099,21416,hasCLass,hasClass
10099,21417,hasCLass,hasClass
10099,21418,hasCLass,hasClass
10100,21419,hasCLass,hasClass
10100,21420,hasCLass,hasClass
10101,21421,hasCLass,hasClass
10101,21422,hasCLass,hasClass
10101,21423,hasCLass,hasClass
10101,21424,hasCLass,hasClass
10101,21425,hasCLass,hasClass
10102,21426,hasCLass,hasClass
10102,21427,hasCLass,hasClass
10102,21428,hasCLass,hasClass
10102,21429,hasCLass,hasClass
10102,21430,hasCLass,hasClass
10103,21431,hasCLass,hasClass
10103,21432,hasCLass,hasClass
10103,21433,hasCLass,hasClass
10103,21434,hasCLass,hasClass
10103,21435,hasCLass,hasClass
10103,21436,hasCLass,hasClass
10103,21437,hasCLass,hasClass
10104,21438,hasCLass,hasClass
10104,21439,hasCLass,hasClass
10104,21440,hasCLass,hasClass
10104,21441,hasCLass,hasClass
10104,21442,hasCLass,hasClass
10104,21443,hasCLass,hasClass
10105,21444,hasCLass,hasClass
10105,21445,hasCLass,hasClass
10105,21446,hasCLass,hasClass
10105,21447,hasCLass,hasClass
10105,21448,hasCLass,hasClass
10106,21449,hasCLass,hasClass
10106,21450,hasCLass,hasClass
10106,21451,hasCLass,hasClass
10106,21452,hasCLass,hasClass
10106,21453,hasCLass,hasClass
10107,21454,hasCLass,hasClass
10107,21455,hasCLass,hasClass
10108,21456,hasCLass,hasClass
10108,21457,hasCLass,hasClass
10109,21458,hasCLass,hasClass
10109,21459,hasCLass,hasClass
10109,21460,hasCLass,hasClass
10109,21461,hasCLass,hasClass
10110,21462,hasCLass,hasClass
10110,21463,hasCLass,hasClass
10110,21464,hasCLass,hasClass
10110,21465,hasCLass,hasClass
10110,21466,hasCLass,hasClass
10110,21467,hasCLass,hasClass
10110,21468,hasCLass,hasClass
10110,21469,hasCLass,hasClass
10110,21470,hasCLass,hasClass
10110,21471,hasCLass,hasClass
10110,21472,hasCLass,hasClass
10110,21473,hasCLass,hasClass
10110,21474,hasCLass,hasClass
10110,21475,hasCLass,hasClass
10110,21476,hasCLass,hasClass
10111,21477,hasCLass,hasClass
10111,21478,hasCLass,hasClass
10111,21479,hasCLass,hasClass
10111,21480,hasCLass,hasClass
10112,21481,hasCLass,hasClass
10112,21482,hasCLass,hasClass
10112,21483,hasCLass,hasClass
10112,21484,hasCLass,hasClass
10112,21485,hasCLass,hasClass
10112,21486,hasCLass,hasClass
10112,21487,hasCLass,hasClass
10112,21488,hasCLass,hasClass
10112,21489,hasCLass,hasClass
10112,21490,hasCLass,hasClass
10112,21491,hasCLass,hasClass
10112,21492,hasCLass,hasClass
10112,21493,hasCLass,hasClass
10112,21494,hasCLass,hasClass
10112,21495,hasCLass,hasClass
10112,21496,hasCLass,hasClass
10112,21497,hasCLass,hasClass
10112,21498,hasCLass,hasClass
10112,21499,hasCLass,hasClass
10112,21500,hasCLass,hasClass
10112,21501,hasCLass,hasClass
10112,21502,hasCLass,hasClass
10112,21503,hasCLass,hasClass
10112,21504,hasCLass,hasClass
10113,21505,hasCLass,hasClass
10113,21506,hasCLass,hasClass
10113,21507,hasCLass,hasClass
10113,21508,hasCLass,hasClass
10114,21509,hasCLass,hasClass
10114,21510,hasCLass,hasClass
10114,21511,hasCLass,hasClass
10115,21512,hasCLass,hasClass
10115,21513,hasCLass,hasClass
10115,21514,hasCLass,hasClass
10116,21515,hasCLass,hasClass
10116,21516,hasCLass,hasClass
10116,21517,hasCLass,hasClass
10116,21518,hasCLass,hasClass
10116,21519,hasCLass,hasClass
10116,21520,hasCLass,hasClass
10116,21521,hasCLass,hasClass
10116,21522,hasCLass,hasClass
10116,21523,hasCLass,hasClass
10117,21524,hasCLass,hasClass
10117,21525,hasCLass,hasClass
10118,21526,hasCLass,hasClass
10118,21527,hasCLass,hasClass
10118,21528,hasCLass,hasClass
10118,21529,hasCLass,hasClass
10118,21530,hasCLass,hasClass
10118,21531,hasCLass,hasClass
10118,21532,hasCLass,hasClass
10118,21533,hasCLass,hasClass
10118,21534,hasCLass,hasClass
10118,21535,hasCLass,hasClass
10118,21536,hasCLass,hasClass
10118,21537,hasCLass,hasClass
10118,21538,hasCLass,hasClass
10118,21539,hasCLass,hasClass
10118,21540,hasCLass,hasClass
10118,21541,hasCLass,hasClass
10118,21542,hasCLass,hasClass
10118,21543,hasCLass,hasClass
10118,21544,hasCLass,hasClass
10118,21545,hasCLass,hasClass
10118,21546,hasCLass,hasClass
10118,21547,hasCLass,hasClass
10118,21548,hasCLass,hasClass
10118,21549,hasCLass,hasClass
10118,21550,hasCLass,hasClass
10118,21551,hasCLass,hasClass
10118,21552,hasCLass,hasClass
10118,21553,hasCLass,hasClass
10118,21554,hasCLass,hasClass
10118,21555,hasCLass,hasClass
10118,21556,hasCLass,hasClass
10118,21557,hasCLass,hasClass
10118,21558,hasCLass,hasClass
10118,21559,hasCLass,hasClass
10118,21560,hasCLass,hasClass
10118,21561,hasCLass,hasClass
10118,21562,hasCLass,hasClass
10118,21563,hasCLass,hasClass
10118,21564,hasCLass,hasClass
10118,21565,hasCLass,hasClass
10118,21566,hasCLass,hasClass
10118,21567,hasCLass,hasClass
10118,21568,hasCLass,hasClass
10118,21569,hasCLass,hasClass
10118,21570,hasCLass,hasClass
10118,21571,hasCLass,hasClass
10118,21572,hasCLass,hasClass
10118,21573,hasCLass,hasClass
10118,21574,hasCLass,hasClass
10118,21575,hasCLass,hasClass
10118,21576,hasCLass,hasClass
10118,21577,hasCLass,hasClass
10118,21578,hasCLass,hasClass
10118,21579,hasCLass,hasClass
10118,21580,hasCLass,hasClass
10118,21581,hasCLass,hasClass
10118,21582,hasCLass,hasClass
10118,21583,hasCLass,hasClass
10118,21584,hasCLass,hasClass
10118,21585,hasCLass,hasClass
10118,21586,hasCLass,hasClass
10118,21587,hasCLass,hasClass
10118,21588,hasCLass,hasClass
10118,21589,hasCLass,hasClass
10118,21590,hasCLass,hasClass
10118,21591,hasCLass,hasClass
10118,21592,hasCLass,hasClass
10118,21593,hasCLass,hasClass
10118,21594,hasCLass,hasClass
10118,21595,hasCLass,hasClass
10118,21596,hasCLass,hasClass
10118,21597,hasCLass,hasClass
10118,21598,hasCLass,hasClass
10118,21599,hasCLass,hasClass
10118,21600,hasCLass,hasClass
10118,21601,hasCLass,hasClass
10118,21602,hasCLass,hasClass
10118,21603,hasCLass,hasClass
10118,21604,hasCLass,hasClass
10118,21605,hasCLass,hasClass
10118,21606,hasCLass,hasClass
10118,21607,hasCLass,hasClass
10118,21608,hasCLass,hasClass
10118,21609,hasCLass,hasClass
10118,21610,hasCLass,hasClass
10118,21611,hasCLass,hasClass
10118,21612,hasCLass,hasClass
10118,21613,hasCLass,hasClass
10118,21614,hasCLass,hasClass
10118,21615,hasCLass,hasClass
10118,21616,hasCLass,hasClass
10118,21617,hasCLass,hasClass
10118,21618,hasCLass,hasClass
10118,21619,hasCLass,hasClass
10118,21620,hasCLass,hasClass
10118,21621,hasCLass,hasClass
10118,21622,hasCLass,hasClass
10118,21623,hasCLass,hasClass
10118,21624,hasCLass,hasClass
10118,21625,hasCLass,hasClass
10118,21626,hasCLass,hasClass
10118,21627,hasCLass,hasClass
10118,21628,hasCLass,hasClass
10118,21629,hasCLass,hasClass
10118,21630,hasCLass,hasClass
10118,21631,hasCLass,hasClass
10118,21632,hasCLass,hasClass
10118,21633,hasCLass,hasClass
10118,21634,hasCLass,hasClass
10118,21635,hasCLass,hasClass
10118,21636,hasCLass,hasClass
10118,21637,hasCLass,hasClass
10118,21638,hasCLass,hasClass
10118,21639,hasCLass,hasClass
10118,21640,hasCLass,hasClass
10118,21641,hasCLass,hasClass
10118,21642,hasCLass,hasClass
10118,21643,hasCLass,hasClass
10118,21644,hasCLass,hasClass
10118,21645,hasCLass,hasClass
10118,21646,hasCLass,hasClass
10118,21647,hasCLass,hasClass
10118,21648,hasCLass,hasClass
10118,21649,hasCLass,hasClass
10118,21650,hasCLass,hasClass
10118,21651,hasCLass,hasClass
10118,21652,hasCLass,hasClass
10118,21653,hasCLass,hasClass
10118,21654,hasCLass,hasClass
10118,21655,hasCLass,hasClass
10118,21656,hasCLass,hasClass
10118,21657,hasCLass,hasClass
10118,21658,hasCLass,hasClass
10118,21659,hasCLass,hasClass
10119,21660,hasCLass,hasClass
10119,21661,hasCLass,hasClass
10119,21662,hasCLass,hasClass
10119,21663,hasCLass,hasClass
10119,21664,hasCLass,hasClass
10119,21665,hasCLass,hasClass
10119,21666,hasCLass,hasClass
10119,21667,hasCLass,hasClass
10119,21668,hasCLass,hasClass
10119,21669,hasCLass,hasClass
10120,21670,hasCLass,hasClass
10120,21671,hasCLass,hasClass
10120,21672,hasCLass,hasClass
10121,21673,hasCLass,hasClass
10121,21674,hasCLass,hasClass
10121,21675,hasCLass,hasClass
10121,21676,hasCLass,hasClass
10121,21677,hasCLass,hasClass
10121,21678,hasCLass,hasClass
10121,21679,hasCLass,hasClass
10121,21680,hasCLass,hasClass
10121,21681,hasCLass,hasClass
10121,21682,hasCLass,hasClass
10121,21683,hasCLass,hasClass
10121,21684,hasCLass,hasClass
10121,21685,hasCLass,hasClass
10121,21686,hasCLass,hasClass
10121,21687,hasCLass,hasClass
10121,21688,hasCLass,hasClass
10121,21689,hasCLass,hasClass
10121,21690,hasCLass,hasClass
10121,21691,hasCLass,hasClass
10121,21692,hasCLass,hasClass
10121,21693,hasCLass,hasClass
10121,21694,hasCLass,hasClass
10121,21695,hasCLass,hasClass
10121,21696,hasCLass,hasClass
10122,21697,hasCLass,hasClass
10122,21698,hasCLass,hasClass
10122,21699,hasCLass,hasClass
10122,21700,hasCLass,hasClass
10123,21701,hasCLass,hasClass
10123,21702,hasCLass,hasClass
10123,21703,hasCLass,hasClass
10123,21704,hasCLass,hasClass
10123,21705,hasCLass,hasClass
10123,21706,hasCLass,hasClass
10123,21707,hasCLass,hasClass
10123,21708,hasCLass,hasClass
10123,21709,hasCLass,hasClass
10123,21710,hasCLass,hasClass
10123,21711,hasCLass,hasClass
10123,21712,hasCLass,hasClass
10123,21713,hasCLass,hasClass
10123,21714,hasCLass,hasClass
10123,21715,hasCLass,hasClass
10123,21716,hasCLass,hasClass
10123,21717,hasCLass,hasClass
10123,21718,hasCLass,hasClass
10123,21719,hasCLass,hasClass
10123,21720,hasCLass,hasClass
10123,21721,hasCLass,hasClass
10123,21722,hasCLass,hasClass
10123,21723,hasCLass,hasClass
10123,21724,hasCLass,hasClass
10123,21725,hasCLass,hasClass
10123,21726,hasCLass,hasClass
10123,21727,hasCLass,hasClass
10123,21728,hasCLass,hasClass
10123,21729,hasCLass,hasClass
10123,21730,hasCLass,hasClass
10123,21731,hasCLass,hasClass
10123,21732,hasCLass,hasClass
10123,21733,hasCLass,hasClass
10123,21734,hasCLass,hasClass
10123,21735,hasCLass,hasClass
10123,21736,hasCLass,hasClass
10123,21737,hasCLass,hasClass
10123,21738,hasCLass,hasClass
10123,21739,hasCLass,hasClass
10123,21740,hasCLass,hasClass
10123,21741,hasCLass,hasClass
10123,21742,hasCLass,hasClass
10123,21743,hasCLass,hasClass
10123,21744,hasCLass,hasClass
10123,21745,hasCLass,hasClass
10123,21746,hasCLass,hasClass
10123,21747,hasCLass,hasClass
10123,21748,hasCLass,hasClass
10124,21749,hasCLass,hasClass
10124,21750,hasCLass,hasClass
10124,21751,hasCLass,hasClass
10124,21752,hasCLass,hasClass
10124,21753,hasCLass,hasClass
10124,21754,hasCLass,hasClass
10124,21755,hasCLass,hasClass
10124,21756,hasCLass,hasClass
10124,21757,hasCLass,hasClass
10124,21758,hasCLass,hasClass
10124,21759,hasCLass,hasClass
10124,21760,hasCLass,hasClass
10124,21761,hasCLass,hasClass
10124,21762,hasCLass,hasClass
10124,21763,hasCLass,hasClass
10124,21764,hasCLass,hasClass
10124,21765,hasCLass,hasClass
10124,21766,hasCLass,hasClass
10124,21767,hasCLass,hasClass
10124,21768,hasCLass,hasClass
10124,21769,hasCLass,hasClass
10124,21770,hasCLass,hasClass
10124,21771,hasCLass,hasClass
10124,21772,hasCLass,hasClass
10124,21773,hasCLass,hasClass
10124,21774,hasCLass,hasClass
10124,21775,hasCLass,hasClass
10124,21776,hasCLass,hasClass
10124,21777,hasCLass,hasClass
10124,21778,hasCLass,hasClass
10124,21779,hasCLass,hasClass
10124,21780,hasCLass,hasClass
10124,21781,hasCLass,hasClass
10124,21782,hasCLass,hasClass
10124,21783,hasCLass,hasClass
10124,21784,hasCLass,hasClass
10124,21785,hasCLass,hasClass
10124,21786,hasCLass,hasClass
10124,21787,hasCLass,hasClass
10124,21788,hasCLass,hasClass
10124,21789,hasCLass,hasClass
10124,21790,hasCLass,hasClass
10124,21791,hasCLass,hasClass
10124,21792,hasCLass,hasClass
10124,21793,hasCLass,hasClass
10124,21794,hasCLass,hasClass
10124,21795,hasCLass,hasClass
10124,21796,hasCLass,hasClass
10124,21797,hasCLass,hasClass
10124,21798,hasCLass,hasClass
10124,21799,hasCLass,hasClass
10124,21800,hasCLass,hasClass
10124,21801,hasCLass,hasClass
10124,21802,hasCLass,hasClass
10124,21803,hasCLass,hasClass
10124,21804,hasCLass,hasClass
10124,21805,hasCLass,hasClass
10124,21806,hasCLass,hasClass
10124,21807,hasCLass,hasClass
10124,21808,hasCLass,hasClass
10124,21809,hasCLass,hasClass
10124,21810,hasCLass,hasClass
10124,21811,hasCLass,hasClass
10124,21812,hasCLass,hasClass
10124,21813,hasCLass,hasClass
10124,21814,hasCLass,hasClass
10124,21815,hasCLass,hasClass
10124,21816,hasCLass,hasClass
10124,21817,hasCLass,hasClass
10124,21818,hasCLass,hasClass
10124,21819,hasCLass,hasClass
10125,21820,hasCLass,hasClass
10125,21821,hasCLass,hasClass
10125,21822,hasCLass,hasClass
10125,21823,hasCLass,hasClass
10125,21824,hasCLass,hasClass
10125,21825,hasCLass,hasClass
10125,21826,hasCLass,hasClass
10125,21827,hasCLass,hasClass
10125,21828,hasCLass,hasClass
10125,21829,hasCLass,hasClass
10125,21830,hasCLass,hasClass
10125,21831,hasCLass,hasClass
10125,21832,hasCLass,hasClass
10125,21833,hasCLass,hasClass
10125,21834,hasCLass,hasClass
10125,21835,hasCLass,hasClass
10125,21836,hasCLass,hasClass
10125,21837,hasCLass,hasClass
10125,21838,hasCLass,hasClass
10125,21839,hasCLass,hasClass
10125,21840,hasCLass,hasClass
10125,21841,hasCLass,hasClass
10125,21842,hasCLass,hasClass
10125,21843,hasCLass,hasClass
10125,21844,hasCLass,hasClass
10125,21845,hasCLass,hasClass
10125,21846,hasCLass,hasClass
10125,21847,hasCLass,hasClass
10125,21848,hasCLass,hasClass
10125,21849,hasCLass,hasClass
10125,21850,hasCLass,hasClass
10125,21851,hasCLass,hasClass
10125,21852,hasCLass,hasClass
10125,21853,hasCLass,hasClass
10125,21854,hasCLass,hasClass
10125,21855,hasCLass,hasClass
10125,21856,hasCLass,hasClass
10125,21857,hasCLass,hasClass
10125,21858,hasCLass,hasClass
10125,21859,hasCLass,hasClass
10125,21860,hasCLass,hasClass
10125,21861,hasCLass,hasClass
10125,21862,hasCLass,hasClass
10125,21863,hasCLass,hasClass
10125,21864,hasCLass,hasClass
10125,21865,hasCLass,hasClass
10125,21866,hasCLass,hasClass
10125,21867,hasCLass,hasClass
10125,21868,hasCLass,hasClass
10125,21869,hasCLass,hasClass
10125,21870,hasCLass,hasClass
10125,21871,hasCLass,hasClass
10125,21872,hasCLass,hasClass
10125,21873,hasCLass,hasClass
10125,21874,hasCLass,hasClass
10125,21875,hasCLass,hasClass
10126,21876,hasCLass,hasClass
10126,21877,hasCLass,hasClass
10126,21878,hasCLass,hasClass
10126,21879,hasCLass,hasClass
10126,21880,hasCLass,hasClass
10126,21881,hasCLass,hasClass
10126,21882,hasCLass,hasClass
10126,21883,hasCLass,hasClass
10126,21884,hasCLass,hasClass
10126,21885,hasCLass,hasClass
10126,21886,hasCLass,hasClass
10126,21887,hasCLass,hasClass
10126,21888,hasCLass,hasClass
10126,21889,hasCLass,hasClass
10126,21890,hasCLass,hasClass
10126,21891,hasCLass,hasClass
10126,21892,hasCLass,hasClass
10126,21893,hasCLass,hasClass
10126,21894,hasCLass,hasClass
10126,21895,hasCLass,hasClass
10126,21896,hasCLass,hasClass
10126,21897,hasCLass,hasClass
10126,21898,hasCLass,hasClass
10126,21899,hasCLass,hasClass
10126,21900,hasCLass,hasClass
10126,21901,hasCLass,hasClass
10126,21902,hasCLass,hasClass
10126,21903,hasCLass,hasClass
10126,21904,hasCLass,hasClass
10126,21905,hasCLass,hasClass
10126,21906,hasCLass,hasClass
10127,21907,hasCLass,hasClass
10127,21908,hasCLass,hasClass
10127,21909,hasCLass,hasClass
10127,21910,hasCLass,hasClass
10127,21911,hasCLass,hasClass
10128,21912,hasCLass,hasClass
10128,21913,hasCLass,hasClass
10128,21914,hasCLass,hasClass
10128,21915,hasCLass,hasClass
10128,21916,hasCLass,hasClass
10128,21917,hasCLass,hasClass
10128,21918,hasCLass,hasClass
10128,21919,hasCLass,hasClass
10128,21920,hasCLass,hasClass
10128,21921,hasCLass,hasClass
10128,21922,hasCLass,hasClass
10128,21923,hasCLass,hasClass
10128,21924,hasCLass,hasClass
10128,21925,hasCLass,hasClass
10128,21926,hasCLass,hasClass
10128,21927,hasCLass,hasClass
10128,21928,hasCLass,hasClass
10128,21929,hasCLass,hasClass
10128,21930,hasCLass,hasClass
10128,21931,hasCLass,hasClass
10128,21932,hasCLass,hasClass
10128,21933,hasCLass,hasClass
10128,21934,hasCLass,hasClass
10128,21935,hasCLass,hasClass
10128,21936,hasCLass,hasClass
10128,21937,hasCLass,hasClass
10128,21938,hasCLass,hasClass
10128,21939,hasCLass,hasClass
10128,21940,hasCLass,hasClass
10128,21941,hasCLass,hasClass
10128,21942,hasCLass,hasClass
10128,21943,hasCLass,hasClass
10128,21944,hasCLass,hasClass
10128,21945,hasCLass,hasClass
10128,21946,hasCLass,hasClass
10128,21947,hasCLass,hasClass
10128,21948,hasCLass,hasClass
10128,21949,hasCLass,hasClass
10128,21950,hasCLass,hasClass
10128,21951,hasCLass,hasClass
10128,21952,hasCLass,hasClass
10128,21953,hasCLass,hasClass
10128,21954,hasCLass,hasClass
10128,21955,hasCLass,hasClass
10128,21956,hasCLass,hasClass
10128,21957,hasCLass,hasClass
10128,21958,hasCLass,hasClass
10128,21959,hasCLass,hasClass
10129,21960,hasCLass,hasClass
10129,21961,hasCLass,hasClass
10129,21962,hasCLass,hasClass
10129,21963,hasCLass,hasClass
10129,21964,hasCLass,hasClass
10129,21965,hasCLass,hasClass
10129,21966,hasCLass,hasClass
10129,21967,hasCLass,hasClass
10129,21968,hasCLass,hasClass
10130,21969,hasCLass,hasClass
10130,21970,hasCLass,hasClass
10130,21971,hasCLass,hasClass
10130,21972,hasCLass,hasClass
10130,21973,hasCLass,hasClass
10130,21974,hasCLass,hasClass
10130,21975,hasCLass,hasClass
10130,21976,hasCLass,hasClass
10130,21977,hasCLass,hasClass
10130,21978,hasCLass,hasClass
10130,21979,hasCLass,hasClass
10130,21980,hasCLass,hasClass
10130,21981,hasCLass,hasClass
10130,21982,hasCLass,hasClass
10130,21983,hasCLass,hasClass
10130,21984,hasCLass,hasClass
10130,21985,hasCLass,hasClass
10130,21986,hasCLass,hasClass
10130,21987,hasCLass,hasClass
10130,21988,hasCLass,hasClass
10130,21989,hasCLass,hasClass
10130,21990,hasCLass,hasClass
10130,21991,hasCLass,hasClass
10130,21992,hasCLass,hasClass
10130,21993,hasCLass,hasClass
10130,21994,hasCLass,hasClass
10130,21995,hasCLass,hasClass
10130,21996,hasCLass,hasClass
10130,21997,hasCLass,hasClass
10130,21998,hasCLass,hasClass
10130,21999,hasCLass,hasClass
10130,22000,hasCLass,hasClass
10130,22001,hasCLass,hasClass
10130,22002,hasCLass,hasClass
10130,22003,hasCLass,hasClass
10130,22004,hasCLass,hasClass
10130,22005,hasCLass,hasClass
10130,22006,hasCLass,hasClass
10130,22007,hasCLass,hasClass
10130,22008,hasCLass,hasClass
10130,22009,hasCLass,hasClass
10130,22010,hasCLass,hasClass
10130,22011,hasCLass,hasClass
10130,22012,hasCLass,hasClass
10130,22013,hasCLass,hasClass
10130,22014,hasCLass,hasClass
10130,22015,hasCLass,hasClass
10130,22016,hasCLass,hasClass
10130,22017,hasCLass,hasClass
10130,22018,hasCLass,hasClass
10130,22019,hasCLass,hasClass
10130,22020,hasCLass,hasClass
10130,22021,hasCLass,hasClass
10130,22022,hasCLass,hasClass
10130,22023,hasCLass,hasClass
10130,22024,hasCLass,hasClass
10130,22025,hasCLass,hasClass
10130,22026,hasCLass,hasClass
10130,22027,hasCLass,hasClass
10130,22028,hasCLass,hasClass
10130,22029,hasCLass,hasClass
10130,22030,hasCLass,hasClass
10130,22031,hasCLass,hasClass
10130,22032,hasCLass,hasClass
10130,22033,hasCLass,hasClass
10130,22034,hasCLass,hasClass
10130,22035,hasCLass,hasClass
10130,22036,hasCLass,hasClass
10130,22037,hasCLass,hasClass
10130,22038,hasCLass,hasClass
10130,22039,hasCLass,hasClass
10130,22040,hasCLass,hasClass
10130,22041,hasCLass,hasClass
10130,22042,hasCLass,hasClass
10130,22043,hasCLass,hasClass
10130,22044,hasCLass,hasClass
10130,22045,hasCLass,hasClass
10130,22046,hasCLass,hasClass
10130,22047,hasCLass,hasClass
10130,22048,hasCLass,hasClass
10131,22049,hasCLass,hasClass
10131,22050,hasCLass,hasClass
10131,22051,hasCLass,hasClass
10131,22052,hasCLass,hasClass
10131,22053,hasCLass,hasClass
10131,22054,hasCLass,hasClass
10131,22055,hasCLass,hasClass
10131,22056,hasCLass,hasClass
10131,22057,hasCLass,hasClass
10131,22058,hasCLass,hasClass
10131,22059,hasCLass,hasClass
10131,22060,hasCLass,hasClass
10131,22061,hasCLass,hasClass
10131,22062,hasCLass,hasClass
10131,22063,hasCLass,hasClass
10131,22064,hasCLass,hasClass
10131,22065,hasCLass,hasClass
10131,22066,hasCLass,hasClass
10131,22067,hasCLass,hasClass
10131,22068,hasCLass,hasClass
10131,22069,hasCLass,hasClass
10131,22070,hasCLass,hasClass
10131,22071,hasCLass,hasClass
10131,22072,hasCLass,hasClass
10131,22073,hasCLass,hasClass
10131,22074,hasCLass,hasClass
10131,22075,hasCLass,hasClass
10131,22076,hasCLass,hasClass
10131,22077,hasCLass,hasClass
10131,22078,hasCLass,hasClass
10132,22079,hasCLass,hasClass
10132,22080,hasCLass,hasClass
10132,22081,hasCLass,hasClass
10132,22082,hasCLass,hasClass
10132,22083,hasCLass,hasClass
10132,22084,hasCLass,hasClass
10132,22085,hasCLass,hasClass
10132,22086,hasCLass,hasClass
10132,22087,hasCLass,hasClass
10133,22088,hasCLass,hasClass
10134,22089,hasCLass,hasClass
10134,22090,hasCLass,hasClass
10134,22091,hasCLass,hasClass
10134,22092,hasCLass,hasClass
10134,22093,hasCLass,hasClass
10134,22094,hasCLass,hasClass
10134,22095,hasCLass,hasClass
10134,22096,hasCLass,hasClass
10134,22097,hasCLass,hasClass
10134,22098,hasCLass,hasClass
10135,22099,hasCLass,hasClass
10135,22100,hasCLass,hasClass
10135,22101,hasCLass,hasClass
10135,22102,hasCLass,hasClass
10135,22103,hasCLass,hasClass
10136,22104,hasCLass,hasClass
10136,22105,hasCLass,hasClass
10136,22106,hasCLass,hasClass
10136,22107,hasCLass,hasClass
10136,22108,hasCLass,hasClass
10136,22109,hasCLass,hasClass
10137,22110,hasCLass,hasClass
10137,22111,hasCLass,hasClass
10137,22112,hasCLass,hasClass
10137,22113,hasCLass,hasClass
10137,22114,hasCLass,hasClass
10137,22115,hasCLass,hasClass
10138,22116,hasCLass,hasClass
10138,22117,hasCLass,hasClass
10138,22118,hasCLass,hasClass
10138,22119,hasCLass,hasClass
10138,22120,hasCLass,hasClass
10138,22121,hasCLass,hasClass
10139,22122,hasCLass,hasClass
10140,22123,hasCLass,hasClass
10140,22124,hasCLass,hasClass
10140,22125,hasCLass,hasClass
10140,22126,hasCLass,hasClass
10140,22127,hasCLass,hasClass
10140,22128,hasCLass,hasClass
10140,22129,hasCLass,hasClass
10140,22130,hasCLass,hasClass
10140,22131,hasCLass,hasClass
10140,22132,hasCLass,hasClass
10140,22133,hasCLass,hasClass
10141,22134,hasCLass,hasClass
10141,22135,hasCLass,hasClass
10141,22136,hasCLass,hasClass
10141,22137,hasCLass,hasClass
10141,22138,hasCLass,hasClass
10141,22139,hasCLass,hasClass
10142,22140,hasCLass,hasClass
10142,22141,hasCLass,hasClass
10142,22142,hasCLass,hasClass
10142,22143,hasCLass,hasClass
10142,22144,hasCLass,hasClass
10143,22145,hasCLass,hasClass
10143,22146,hasCLass,hasClass
10144,22147,hasCLass,hasClass
10144,22148,hasCLass,hasClass
10144,22149,hasCLass,hasClass
10144,22150,hasCLass,hasClass
10144,22151,hasCLass,hasClass
10144,22152,hasCLass,hasClass
10144,22153,hasCLass,hasClass
10144,22154,hasCLass,hasClass
10145,22155,hasCLass,hasClass
10145,22156,hasCLass,hasClass
10145,22157,hasCLass,hasClass
10146,22158,hasCLass,hasClass
10146,22159,hasCLass,hasClass
10146,22160,hasCLass,hasClass
10147,22161,hasCLass,hasClass
10147,22162,hasCLass,hasClass
10148,22163,hasCLass,hasClass
10148,22164,hasCLass,hasClass
10149,22165,hasCLass,hasClass
10149,22166,hasCLass,hasClass
10150,22167,hasCLass,hasClass
10151,22168,hasCLass,hasClass
10151,22169,hasCLass,hasClass
10151,22170,hasCLass,hasClass
10151,22171,hasCLass,hasClass
10151,22172,hasCLass,hasClass
10151,22173,hasCLass,hasClass
10151,22174,hasCLass,hasClass
10152,22175,hasCLass,hasClass
10152,22176,hasCLass,hasClass
10152,22177,hasCLass,hasClass
10152,22178,hasCLass,hasClass
10152,22179,hasCLass,hasClass
10153,22180,hasCLass,hasClass
10154,22181,hasCLass,hasClass
10154,22182,hasCLass,hasClass
10154,22183,hasCLass,hasClass
10154,22184,hasCLass,hasClass
10155,22185,hasCLass,hasClass
10155,22186,hasCLass,hasClass
10155,22187,hasCLass,hasClass
10155,22188,hasCLass,hasClass
10155,22189,hasCLass,hasClass
10155,22190,hasCLass,hasClass
10155,22191,hasCLass,hasClass
10155,22192,hasCLass,hasClass
10155,22193,hasCLass,hasClass
10155,22194,hasCLass,hasClass
10155,22195,hasCLass,hasClass
10155,22196,hasCLass,hasClass
10156,22197,hasCLass,hasClass
10156,22198,hasCLass,hasClass
10156,22199,hasCLass,hasClass
10157,22200,hasCLass,hasClass
10157,22201,hasCLass,hasClass
10157,22202,hasCLass,hasClass
10158,22203,hasCLass,hasClass
10158,22204,hasCLass,hasClass
10159,22205,hasCLass,hasClass
10159,22206,hasCLass,hasClass
10159,22207,hasCLass,hasClass
10160,22208,hasCLass,hasClass
10160,22209,hasCLass,hasClass
10161,22210,hasCLass,hasClass
10161,22211,hasCLass,hasClass
10161,22212,hasCLass,hasClass
10162,22213,hasCLass,hasClass
10162,22214,hasCLass,hasClass
10163,22215,hasCLass,hasClass
10163,22216,hasCLass,hasClass
10164,22217,hasCLass,hasClass
10164,22218,hasCLass,hasClass
10164,22219,hasCLass,hasClass
10164,22220,hasCLass,hasClass
10164,22221,hasCLass,hasClass
10164,22222,hasCLass,hasClass
10165,22223,hasCLass,hasClass
10165,22224,hasCLass,hasClass
10165,22225,hasCLass,hasClass
10165,22226,hasCLass,hasClass
10165,22227,hasCLass,hasClass
10165,22228,hasCLass,hasClass
10165,22229,hasCLass,hasClass
10165,22230,hasCLass,hasClass
10166,22231,hasCLass,hasClass
10166,22232,hasCLass,hasClass
10166,22233,hasCLass,hasClass
10166,22234,hasCLass,hasClass
10166,22235,hasCLass,hasClass
10166,22236,hasCLass,hasClass
10166,22237,hasCLass,hasClass
10166,22238,hasCLass,hasClass
10167,22239,hasCLass,hasClass
10167,22240,hasCLass,hasClass
10167,22241,hasCLass,hasClass
10167,22242,hasCLass,hasClass
10167,22243,hasCLass,hasClass
10167,22244,hasCLass,hasClass
10167,22245,hasCLass,hasClass
10167,22246,hasCLass,hasClass
10168,22247,hasCLass,hasClass
10168,22248,hasCLass,hasClass
10168,22249,hasCLass,hasClass
10168,22250,hasCLass,hasClass
10168,22251,hasCLass,hasClass
10168,22252,hasCLass,hasClass
10168,22253,hasCLass,hasClass
10168,22254,hasCLass,hasClass
10169,22255,hasCLass,hasClass
10169,22256,hasCLass,hasClass
10170,22257,hasCLass,hasClass
10170,22258,hasCLass,hasClass
10170,22259,hasCLass,hasClass
10171,22260,hasCLass,hasClass
10171,22261,hasCLass,hasClass
10171,22262,hasCLass,hasClass
10172,22263,hasCLass,hasClass
10172,22264,hasCLass,hasClass
10173,22265,hasCLass,hasClass
10173,22266,hasCLass,hasClass
10174,22267,hasCLass,hasClass
10174,22268,hasCLass,hasClass
10174,22269,hasCLass,hasClass
10174,22270,hasCLass,hasClass
10175,22271,hasCLass,hasClass
10175,22272,hasCLass,hasClass
10175,22273,hasCLass,hasClass
10175,22274,hasCLass,hasClass
10175,22275,hasCLass,hasClass
10175,22276,hasCLass,hasClass
10175,22277,hasCLass,hasClass
10175,22278,hasCLass,hasClass
10175,22279,hasCLass,hasClass
10175,22280,hasCLass,hasClass
10175,22281,hasCLass,hasClass
10175,22282,hasCLass,hasClass
10175,22283,hasCLass,hasClass
10175,22284,hasCLass,hasClass
10175,22285,hasCLass,hasClass
10175,22286,hasCLass,hasClass
10175,22287,hasCLass,hasClass
10175,22288,hasCLass,hasClass
10175,22289,hasCLass,hasClass
10175,22290,hasCLass,hasClass
10175,22291,hasCLass,hasClass
10175,22292,hasCLass,hasClass
10175,22293,hasCLass,hasClass
10175,22294,hasCLass,hasClass
10175,22295,hasCLass,hasClass
10175,22296,hasCLass,hasClass
10175,22297,hasCLass,hasClass
10175,22298,hasCLass,hasClass
10175,22299,hasCLass,hasClass
10175,22300,hasCLass,hasClass
10175,22301,hasCLass,hasClass
10175,22302,hasCLass,hasClass
10175,22303,hasCLass,hasClass
10175,22304,hasCLass,hasClass
10175,22305,hasCLass,hasClass
10175,22306,hasCLass,hasClass
10175,22307,hasCLass,hasClass
10175,22308,hasCLass,hasClass
10175,22309,hasCLass,hasClass
10175,22310,hasCLass,hasClass
10175,22311,hasCLass,hasClass
10175,22312,hasCLass,hasClass
10175,22313,hasCLass,hasClass
10175,22314,hasCLass,hasClass
10175,22315,hasCLass,hasClass
10175,22316,hasCLass,hasClass
10175,22317,hasCLass,hasClass
10175,22318,hasCLass,hasClass
10175,22319,hasCLass,hasClass
10175,22320,hasCLass,hasClass
10175,22321,hasCLass,hasClass
10175,22322,hasCLass,hasClass
10175,22323,hasCLass,hasClass
10175,22324,hasCLass,hasClass
10175,22325,hasCLass,hasClass
10175,22326,hasCLass,hasClass
10175,22327,hasCLass,hasClass
10175,22328,hasCLass,hasClass
10175,22329,hasCLass,hasClass
10175,22330,hasCLass,hasClass
10175,22331,hasCLass,hasClass
10175,22332,hasCLass,hasClass
10175,22333,hasCLass,hasClass
10175,22334,hasCLass,hasClass
10175,22335,hasCLass,hasClass
10175,22336,hasCLass,hasClass
10175,22337,hasCLass,hasClass
10175,22338,hasCLass,hasClass
10175,22339,hasCLass,hasClass
10175,22340,hasCLass,hasClass
10175,22341,hasCLass,hasClass
10175,22342,hasCLass,hasClass
10175,22343,hasCLass,hasClass
10175,22344,hasCLass,hasClass
10175,22345,hasCLass,hasClass
10175,22346,hasCLass,hasClass
10175,22347,hasCLass,hasClass
10175,22348,hasCLass,hasClass
10175,22349,hasCLass,hasClass
10175,22350,hasCLass,hasClass
10175,22351,hasCLass,hasClass
10175,22352,hasCLass,hasClass
10175,22353,hasCLass,hasClass
10175,22354,hasCLass,hasClass
10175,22355,hasCLass,hasClass
10175,22356,hasCLass,hasClass
10175,22357,hasCLass,hasClass
10175,22358,hasCLass,hasClass
10175,22359,hasCLass,hasClass
10175,22360,hasCLass,hasClass
10175,22361,hasCLass,hasClass
10175,22362,hasCLass,hasClass
10175,22363,hasCLass,hasClass
10175,22364,hasCLass,hasClass
10175,22365,hasCLass,hasClass
10175,22366,hasCLass,hasClass
10175,22367,hasCLass,hasClass
10175,22368,hasCLass,hasClass
10175,22369,hasCLass,hasClass
10175,22370,hasCLass,hasClass
10175,22371,hasCLass,hasClass
10175,22372,hasCLass,hasClass
10175,22373,hasCLass,hasClass
10175,22374,hasCLass,hasClass
10175,22375,hasCLass,hasClass
10175,22376,hasCLass,hasClass
10175,22377,hasCLass,hasClass
10175,22378,hasCLass,hasClass
10176,22379,hasCLass,hasClass
10177,22380,hasCLass,hasClass
10177,22381,hasCLass,hasClass
10177,22382,hasCLass,hasClass
10177,22383,hasCLass,hasClass
10178,22384,hasCLass,hasClass
10178,22385,hasCLass,hasClass
10178,22386,hasCLass,hasClass
10178,22387,hasCLass,hasClass
10179,22388,hasCLass,hasClass
10179,22389,hasCLass,hasClass
10179,22390,hasCLass,hasClass
10179,22391,hasCLass,hasClass
10180,22392,hasCLass,hasClass
10180,22393,hasCLass,hasClass
10180,22394,hasCLass,hasClass
10180,22395,hasCLass,hasClass
10180,22396,hasCLass,hasClass
10181,22397,hasCLass,hasClass
10181,22398,hasCLass,hasClass
10181,22399,hasCLass,hasClass
10181,22400,hasCLass,hasClass
10181,22401,hasCLass,hasClass
10182,22402,hasCLass,hasClass
10182,22403,hasCLass,hasClass
10182,22404,hasCLass,hasClass
10182,22405,hasCLass,hasClass
10182,22406,hasCLass,hasClass
10182,22407,hasCLass,hasClass
10182,22408,hasCLass,hasClass
10182,22409,hasCLass,hasClass
10182,22410,hasCLass,hasClass
10182,22411,hasCLass,hasClass
10182,22412,hasCLass,hasClass
10182,22413,hasCLass,hasClass
10182,22414,hasCLass,hasClass
10182,22415,hasCLass,hasClass
10182,22416,hasCLass,hasClass
10182,22417,hasCLass,hasClass
10182,22418,hasCLass,hasClass
10182,22419,hasCLass,hasClass
10182,22420,hasCLass,hasClass
10182,22421,hasCLass,hasClass
10182,22422,hasCLass,hasClass
10182,22423,hasCLass,hasClass
10182,22424,hasCLass,hasClass
10182,22425,hasCLass,hasClass
10182,22426,hasCLass,hasClass
10182,22427,hasCLass,hasClass
10182,22428,hasCLass,hasClass
10182,22429,hasCLass,hasClass
10183,22430,hasCLass,hasClass
10183,22431,hasCLass,hasClass
10183,22432,hasCLass,hasClass
10183,22433,hasCLass,hasClass
10183,22434,hasCLass,hasClass
10184,22435,hasCLass,hasClass
10184,22436,hasCLass,hasClass
10184,22437,hasCLass,hasClass
10184,22438,hasCLass,hasClass
10184,22439,hasCLass,hasClass
10184,22440,hasCLass,hasClass
10184,22441,hasCLass,hasClass
10184,22442,hasCLass,hasClass
10184,22443,hasCLass,hasClass
10184,22444,hasCLass,hasClass
10184,22445,hasCLass,hasClass
10184,22446,hasCLass,hasClass
10184,22447,hasCLass,hasClass
10185,22448,hasCLass,hasClass
10186,22449,hasCLass,hasClass
10186,22450,hasCLass,hasClass
10186,22451,hasCLass,hasClass
10186,22452,hasCLass,hasClass
10186,22453,hasCLass,hasClass
10186,22454,hasCLass,hasClass
10186,22455,hasCLass,hasClass
10186,22456,hasCLass,hasClass
10186,22457,hasCLass,hasClass
10186,22458,hasCLass,hasClass
10186,22459,hasCLass,hasClass
10186,22460,hasCLass,hasClass
10186,22461,hasCLass,hasClass
10186,22462,hasCLass,hasClass
10186,22463,hasCLass,hasClass
10186,22464,hasCLass,hasClass
10186,22465,hasCLass,hasClass
10186,22466,hasCLass,hasClass
10186,22467,hasCLass,hasClass
10186,22468,hasCLass,hasClass
10186,22469,hasCLass,hasClass
10186,22470,hasCLass,hasClass
10186,22471,hasCLass,hasClass
10186,22472,hasCLass,hasClass
10186,22473,hasCLass,hasClass
10186,22474,hasCLass,hasClass
10186,22475,hasCLass,hasClass
10187,22476,hasCLass,hasClass
10188,22477,hasCLass,hasClass
10188,22478,hasCLass,hasClass
10189,22479,hasCLass,hasClass
10189,22480,hasCLass,hasClass
10189,22481,hasCLass,hasClass
10189,22482,hasCLass,hasClass
10189,22483,hasCLass,hasClass
10189,22484,hasCLass,hasClass
10189,22485,hasCLass,hasClass
10189,22486,hasCLass,hasClass
10189,22487,hasCLass,hasClass
10189,22488,hasCLass,hasClass
10189,22489,hasCLass,hasClass
10189,22490,hasCLass,hasClass
10189,22491,hasCLass,hasClass
10189,22492,hasCLass,hasClass
10189,22493,hasCLass,hasClass
10189,22494,hasCLass,hasClass
10189,22495,hasCLass,hasClass
10189,22496,hasCLass,hasClass
10189,22497,hasCLass,hasClass
10189,22498,hasCLass,hasClass
10189,22499,hasCLass,hasClass
10190,22500,hasCLass,hasClass
10191,22501,hasCLass,hasClass
10191,22502,hasCLass,hasClass
10191,22503,hasCLass,hasClass
10192,22504,hasCLass,hasClass
10193,22505,hasCLass,hasClass
10193,22506,hasCLass,hasClass
10193,22507,hasCLass,hasClass
10193,22508,hasCLass,hasClass
10193,22509,hasCLass,hasClass
10193,22510,hasCLass,hasClass
10193,22511,hasCLass,hasClass
10193,22512,hasCLass,hasClass
10193,22513,hasCLass,hasClass
10193,22514,hasCLass,hasClass
10193,22515,hasCLass,hasClass
10193,22516,hasCLass,hasClass
10193,22517,hasCLass,hasClass
10193,22518,hasCLass,hasClass
10193,22519,hasCLass,hasClass
10193,22520,hasCLass,hasClass
10193,22521,hasCLass,hasClass
10194,22522,hasCLass,hasClass
10194,22523,hasCLass,hasClass
10194,22524,hasCLass,hasClass
10195,22525,hasCLass,hasClass
10195,22526,hasCLass,hasClass
10195,22527,hasCLass,hasClass
10195,22528,hasCLass,hasClass
10195,22529,hasCLass,hasClass
10195,22530,hasCLass,hasClass
10195,22531,hasCLass,hasClass
10195,22532,hasCLass,hasClass
10195,22533,hasCLass,hasClass
10195,22534,hasCLass,hasClass
10195,22535,hasCLass,hasClass
10195,22536,hasCLass,hasClass
10195,22537,hasCLass,hasClass
10195,22538,hasCLass,hasClass
10195,22539,hasCLass,hasClass
10195,22540,hasCLass,hasClass
10195,22541,hasCLass,hasClass
10195,22542,hasCLass,hasClass
10196,22543,hasCLass,hasClass
10197,22544,hasCLass,hasClass
10197,22545,hasCLass,hasClass
10198,22546,hasCLass,hasClass
10198,22547,hasCLass,hasClass
10198,22548,hasCLass,hasClass
10198,22549,hasCLass,hasClass
10198,22550,hasCLass,hasClass
10198,22551,hasCLass,hasClass
10198,22552,hasCLass,hasClass
10198,22553,hasCLass,hasClass
10198,22554,hasCLass,hasClass
10198,22555,hasCLass,hasClass
10199,22556,hasCLass,hasClass
10199,22557,hasCLass,hasClass
10199,22558,hasCLass,hasClass
10199,22559,hasCLass,hasClass
10199,22560,hasCLass,hasClass
10199,22561,hasCLass,hasClass
10199,22562,hasCLass,hasClass
10199,22563,hasCLass,hasClass
10199,22564,hasCLass,hasClass
10199,22565,hasCLass,hasClass
10200,22566,hasCLass,hasClass
10201,22567,hasCLass,hasClass
10202,22568,hasCLass,hasClass
10203,22569,hasCLass,hasClass
10204,22570,hasCLass,hasClass
10205,22571,hasCLass,hasClass
10206,22572,hasCLass,hasClass
10207,22573,hasCLass,hasClass
10207,22574,hasCLass,hasClass
10208,22575,hasCLass,hasClass
10208,22576,hasCLass,hasClass
10208,22577,hasCLass,hasClass
10209,22578,hasCLass,hasClass
10209,22579,hasCLass,hasClass
10209,22580,hasCLass,hasClass
10209,22581,hasCLass,hasClass
10209,22582,hasCLass,hasClass
10209,22583,hasCLass,hasClass
10209,22584,hasCLass,hasClass
10209,22585,hasCLass,hasClass
10209,22586,hasCLass,hasClass
10209,22587,hasCLass,hasClass
